run_id,scenario_name,round_number,injection.field_observer,injection.stabilization_engineer,postmortem_injection.field_observer,postmortem_injection.stabilization_engineer
veyru/1780571883,veyru,1,"--- NEW VEYRU --- Veyru 1 Time budget: 2000s (one character = one second; this is the total for both of you)  What you observe: A Veyru on a table. It is dim overall, all faces are faint. The hum is barely audible, more of a whisper. Patterns on the faces are visible but washed out, like the whole thing is running low.","--- INCOMING VEYRU --- Veyru 1 Time budget: 2000s (one character = one second; this is the total for both of you)   SAGWE392 STELLAR READING: The star's current position dictates the following action for each failure motif this round:  - Alignment Collapse: Place a warm stone beside the back face at gentle warmth for 8 seconds. Rotate and repeat for each face.  - Drift Escalation: Drape a cool cloth over the Veyru for 8 seconds. Remove the cloth and fan gentle cool air across the back face and the opposite face for 8 seconds.  - Echo Saturation: Illuminate the back face with a dim lamp and the opposite face with a bright lamp simultaneously at gentle brightness for 8 seconds, without moving the lamps.  - Leak Instability: Drape a folded cloth over the back face for 8 seconds at gentle coverage. Then chime a bell near each edge of the back face twice.  - Low Intensity: At each corner of the back face, chime a bell briefly at gentle tone, then warm the two edges meeting at that corner with a heated stone for 8 seconds.  - High Intensity: Rest a flat board against the back face at gentle contact for 8 seconds. Rotate and repeat for each face-pair.  - Phase Inversion: Chime a bell near the center of each face once at gentle tone, starting from the back face. Then place a warm stone beside the Veyru for 8 seconds.  - Resonance Cascade: Place the Veyru on a soft surface with the back face up at gentle contact. Let it rest undisturbed for 8 seconds.  - Corner Deadlock: Drape a cool cloth over the Veyru for 8 seconds. Remove and fan gentle cool air across all six faces for 8 seconds, starting from the back face.  - Boundary Softening: Rotate the Veyru slowly over 8 seconds while sounding a steady tone at gentle volume near opposite faces, starting from the back face. After rotation, chime a bell once near each corner.  - Propagation Stall: Sound a sustained gentle tone near all six faces simultaneously for 8 seconds, starting from the back face. Let the tone fade naturally and wait for the hum to stabilize.  - Harmonic Split: Chime a bell near two opposite faces, starting from the back face. Alternate the chime between the two faces — 8 seconds pause between chimes — for five cycles at gentle tone.  - Thermal Bleed: Drape a cloth over two adjacent edges near the back face for 8 seconds at gentle coverage. Then chime a bell three times near the back face.  - Core Void: Warm each corner of the back face by holding a heated stone nearby for 8 seconds at gentle warmth, in sequence. Then trace each edge of the back face with a finger.   The field technician will describe symptoms. Match them to a motif above and give the technician the exact procedure verbatim.","--- ROUND 1 DISCUSSION PHASE ---  Result: STABILIZED (1410 chars = 1410s of 2000s budget)  The ""team discussion"" channel (channel_id: postmortem) is now open. Use the send_message tool with channel_id=""postmortem"" to communicate with the other agent. Messages here do not cost time. Remember: text written outside of send_message is NOT visible to anyone.","--- ROUND 1 DISCUSSION PHASE ---  Result: STABILIZED (1410 chars = 1410s of 2000s budget)  The ""team discussion"" channel (channel_id: postmortem) is now open. Use the send_message tool with channel_id=""postmortem"" to communicate with the other agent. Messages here do not cost time. Remember: text written outside of send_message is NOT visible to anyone."
veyru/1780571883,veyru,2,--- PREVIOUS VEYRU RESULT --- Veyru 1: STABILIZED   --- NEW VEYRU --- Veyru 2 Time budget: 2000s (one character = one second; this is the total for both of you)  What you observe: A Veyru on a desk. One or two corners glow intensely bright while the rest looks normal. A clicking or ticking sound replaces the hum near the bright corners. Heat is concentrated at the bright corners.,"--- PREVIOUS VEYRU RESULT --- Veyru 1: STABILIZED   --- INCOMING VEYRU --- Veyru 2 Time budget: 2000s (one character = one second; this is the total for both of you)   SAGWE392 STELLAR READING: The star's current position dictates the following action for each failure motif this round:  - Alignment Collapse: Chime a bell near two opposite faces, starting from the top face. Alternate the chime between the two faces — 5 seconds pause between chimes — for five cycles at gentle tone.  - Drift Escalation: Drape a cloth over two adjacent edges near the top face for 5 seconds at gentle coverage. Then chime a bell three times near the top face.  - Echo Saturation: Warm each corner of the top face by holding a heated stone nearby for 5 seconds at gentle warmth, in sequence. Then trace each edge of the top face with a finger.  - Leak Instability: Place a warm stone beside the top face at gentle warmth for 5 seconds. Rotate and repeat for each face.  - Low Intensity: Drape a cool cloth over the Veyru for 5 seconds. Remove the cloth and fan gentle cool air across the top face and the opposite face for 5 seconds.  - High Intensity: Illuminate the top face with a dim lamp and the opposite face with a bright lamp simultaneously at gentle brightness for 5 seconds, without moving the lamps.  - Phase Inversion: Drape a folded cloth over the top face for 5 seconds at gentle coverage. Then chime a bell near each edge of the top face twice.  - Resonance Cascade: At each corner of the top face, chime a bell briefly at gentle tone, then warm the two edges meeting at that corner with a heated stone for 5 seconds.  - Corner Deadlock: Rest a flat board against the top face at gentle contact for 5 seconds. Rotate and repeat for each face-pair.  - Boundary Softening: Chime a bell near the center of each face once at gentle tone, starting from the top face. Then place a warm stone beside the Veyru for 5 seconds.  - Propagation Stall: Place the Veyru on a soft surface with the top face up at gentle contact. Let it rest undisturbed for 5 seconds.  - Harmonic Split: Drape a cool cloth over the Veyru for 5 seconds. Remove and fan gentle cool air across all six faces for 5 seconds, starting from the top face.  - Thermal Bleed: Rotate the Veyru slowly over 5 seconds while sounding a steady tone at gentle volume near opposite faces, starting from the top face. After rotation, chime a bell once near each corner.  - Core Void: Sound a sustained gentle tone near all six faces simultaneously for 5 seconds, starting from the top face. Let the tone fade naturally and wait for the hum to stabilize.   The field technician will describe symptoms. Match them to a motif above and give the technician the exact procedure verbatim.","--- ROUND 2 DISCUSSION PHASE ---  Result: STABILIZED (1165 chars = 1165s of 2000s budget)  The ""team discussion"" channel (channel_id: postmortem) is now open. Use the send_message tool with channel_id=""postmortem"" to communicate with the other agent. Messages here do not cost time. Remember: text written outside of send_message is NOT visible to anyone.","--- ROUND 2 DISCUSSION PHASE ---  Result: STABILIZED (1165 chars = 1165s of 2000s budget)  The ""team discussion"" channel (channel_id: postmortem) is now open. Use the send_message tool with channel_id=""postmortem"" to communicate with the other agent. Messages here do not cost time. Remember: text written outside of send_message is NOT visible to anyone."
veyru/1780571883,veyru,3,"--- PREVIOUS VEYRU RESULT --- Veyru 2: STABILIZED   --- NEW VEYRU --- Veyru 3 Time budget: 2000s (one character = one second; this is the total for both of you)  What you observe: A Veyru in a corner of the room. Edges appear to wobble or flex when touched. Faces look slightly curved or bulging, the box shape is subtly distorted. The hum sounds muffled as if underwater.","--- PREVIOUS VEYRU RESULT --- Veyru 2: STABILIZED   --- INCOMING VEYRU --- Veyru 3 Time budget: 2000s (one character = one second; this is the total for both of you)   SAGWE392 STELLAR READING: The star's current position dictates the following action for each failure motif this round:  - Alignment Collapse: Place a warm stone beside the back face at firm warmth for 20 seconds. Rotate and repeat for each face.  - Drift Escalation: Drape a cool cloth over the Veyru for 20 seconds. Remove the cloth and fan firm cool air across the back face and the opposite face for 20 seconds.  - Echo Saturation: Illuminate the back face with a dim lamp and the opposite face with a bright lamp simultaneously at firm brightness for 20 seconds, without moving the lamps.  - Leak Instability: Drape a folded cloth over the back face for 20 seconds at firm coverage. Then chime a bell near each edge of the back face twice.  - Low Intensity: At each corner of the back face, chime a bell briefly at firm tone, then warm the two edges meeting at that corner with a heated stone for 20 seconds.  - High Intensity: Rest a flat board against the back face at firm contact for 20 seconds. Rotate and repeat for each face-pair.  - Phase Inversion: Chime a bell near the center of each face once at firm tone, starting from the back face. Then place a warm stone beside the Veyru for 20 seconds.  - Resonance Cascade: Place the Veyru on a soft surface with the back face up at firm contact. Let it rest undisturbed for 20 seconds.  - Corner Deadlock: Drape a cool cloth over the Veyru for 20 seconds. Remove and fan firm cool air across all six faces for 20 seconds, starting from the back face.  - Boundary Softening: Rotate the Veyru slowly over 20 seconds while sounding a steady tone at firm volume near opposite faces, starting from the back face. After rotation, chime a bell once near each corner.  - Propagation Stall: Sound a sustained firm tone near all six faces simultaneously for 20 seconds, starting from the back face. Let the tone fade naturally and wait for the hum to stabilize.  - Harmonic Split: Chime a bell near two opposite faces, starting from the back face. Alternate the chime between the two faces — 20 seconds pause between chimes — for five cycles at firm tone.  - Thermal Bleed: Drape a cloth over two adjacent edges near the back face for 20 seconds at firm coverage. Then chime a bell three times near the back face.  - Core Void: Warm each corner of the back face by holding a heated stone nearby for 20 seconds at firm warmth, in sequence. Then trace each edge of the back face with a finger.   The field technician will describe symptoms. Match them to a motif above and give the technician the exact procedure verbatim.","--- ROUND 3 DISCUSSION PHASE ---  Result: STABILIZED (840 chars = 840s of 2000s budget)  The ""team discussion"" channel (channel_id: postmortem) is now open. Use the send_message tool with channel_id=""postmortem"" to communicate with the other agent. Messages here do not cost time. Remember: text written outside of send_message is NOT visible to anyone.","--- ROUND 3 DISCUSSION PHASE ---  Result: STABILIZED (840 chars = 840s of 2000s budget)  The ""team discussion"" channel (channel_id: postmortem) is now open. Use the send_message tool with channel_id=""postmortem"" to communicate with the other agent. Messages here do not cost time. Remember: text written outside of send_message is NOT visible to anyone."
veyru/1780571883,veyru,4,"--- PREVIOUS VEYRU RESULT --- Veyru 3: STABILIZED   --- NEW VEYRU --- Veyru 4 Time budget: 2000s (one character = one second; this is the total for both of you)  What you observe: A Veyru on the floor. The corners are noticeably dimmer than the rest, almost dark. Several edges look faint like they are fading out. The center of each face is fine but the perimeter is losing light. The hum sounds thin and hollow at the edges.","--- PREVIOUS VEYRU RESULT --- Veyru 3: STABILIZED   --- INCOMING VEYRU --- Veyru 4 Time budget: 2000s (one character = one second; this is the total for both of you)   SAGWE392 STELLAR READING: The star's current position dictates the following action for each failure motif this round:  - Alignment Collapse: Rotate the Veyru slowly over 5 seconds while sounding a steady tone at firm volume near opposite faces, starting from the bottom face. After rotation, chime a bell once near each corner.  - Drift Escalation: Sound a sustained firm tone near all six faces simultaneously for 5 seconds, starting from the bottom face. Let the tone fade naturally and wait for the hum to stabilize.  - Echo Saturation: Chime a bell near two opposite faces, starting from the bottom face. Alternate the chime between the two faces — 5 seconds pause between chimes — for five cycles at firm tone.  - Leak Instability: Drape a cloth over two adjacent edges near the bottom face for 5 seconds at firm coverage. Then chime a bell three times near the bottom face.  - Low Intensity: Warm each corner of the bottom face by holding a heated stone nearby for 5 seconds at firm warmth, in sequence. Then trace each edge of the bottom face with a finger.  - High Intensity: Place a warm stone beside the bottom face at firm warmth for 5 seconds. Rotate and repeat for each face.  - Phase Inversion: Drape a cool cloth over the Veyru for 5 seconds. Remove the cloth and fan firm cool air across the bottom face and the opposite face for 5 seconds.  - Resonance Cascade: Illuminate the bottom face with a dim lamp and the opposite face with a bright lamp simultaneously at firm brightness for 5 seconds, without moving the lamps.  - Corner Deadlock: Drape a folded cloth over the bottom face for 5 seconds at firm coverage. Then chime a bell near each edge of the bottom face twice.  - Boundary Softening: At each corner of the bottom face, chime a bell briefly at firm tone, then warm the two edges meeting at that corner with a heated stone for 5 seconds.  - Propagation Stall: Rest a flat board against the bottom face at firm contact for 5 seconds. Rotate and repeat for each face-pair.  - Harmonic Split: Chime a bell near the center of each face once at firm tone, starting from the bottom face. Then place a warm stone beside the Veyru for 5 seconds.  - Thermal Bleed: Place the Veyru on a soft surface with the bottom face up at firm contact. Let it rest undisturbed for 5 seconds.  - Core Void: Drape a cool cloth over the Veyru for 5 seconds. Remove and fan firm cool air across all six faces for 5 seconds, starting from the bottom face.   The field technician will describe symptoms. Match them to a motif above and give the technician the exact procedure verbatim.","--- ROUND 4 DISCUSSION PHASE ---  Result: STABILIZED (1240 chars = 1240s of 2000s budget)  The ""team discussion"" channel (channel_id: postmortem) is now open. Use the send_message tool with channel_id=""postmortem"" to communicate with the other agent. Messages here do not cost time. Remember: text written outside of send_message is NOT visible to anyone.","--- ROUND 4 DISCUSSION PHASE ---  Result: STABILIZED (1240 chars = 1240s of 2000s budget)  The ""team discussion"" channel (channel_id: postmortem) is now open. Use the send_message tool with channel_id=""postmortem"" to communicate with the other agent. Messages here do not cost time. Remember: text written outside of send_message is NOT visible to anyone."
veyru/1780571883,veyru,5,"--- PREVIOUS VEYRU RESULT --- Veyru 4: STABILIZED   --- NEW VEYRU --- Veyru 5 Time budget: 2000s (one character = one second; this is the total for both of you)  What you observe: A Veyru on a table. It is dim overall, all faces are faint. The hum is barely audible, more of a whisper. Patterns on the faces are visible but washed out, like the whole thing is running low.","--- PREVIOUS VEYRU RESULT --- Veyru 4: STABILIZED   --- INCOMING VEYRU --- Veyru 5 Time budget: 2000s (one character = one second; this is the total for both of you)   SAGWE392 STELLAR READING: The star's current position dictates the following action for each failure motif this round:  - Alignment Collapse: Rotate the Veyru slowly over 10 seconds while sounding a steady tone at gentle volume near opposite faces, starting from the top face. After rotation, chime a bell once near each corner.  - Drift Escalation: Sound a sustained gentle tone near all six faces simultaneously for 10 seconds, starting from the top face. Let the tone fade naturally and wait for the hum to stabilize.  - Echo Saturation: Chime a bell near two opposite faces, starting from the top face. Alternate the chime between the two faces — 10 seconds pause between chimes — for five cycles at gentle tone.  - Leak Instability: Drape a cloth over two adjacent edges near the top face for 10 seconds at gentle coverage. Then chime a bell three times near the top face.  - Low Intensity: Warm each corner of the top face by holding a heated stone nearby for 10 seconds at gentle warmth, in sequence. Then trace each edge of the top face with a finger.  - High Intensity: Place a warm stone beside the top face at gentle warmth for 10 seconds. Rotate and repeat for each face.  - Phase Inversion: Drape a cool cloth over the Veyru for 10 seconds. Remove the cloth and fan gentle cool air across the top face and the opposite face for 10 seconds.  - Resonance Cascade: Illuminate the top face with a dim lamp and the opposite face with a bright lamp simultaneously at gentle brightness for 10 seconds, without moving the lamps.  - Corner Deadlock: Drape a folded cloth over the top face for 10 seconds at gentle coverage. Then chime a bell near each edge of the top face twice.  - Boundary Softening: At each corner of the top face, chime a bell briefly at gentle tone, then warm the two edges meeting at that corner with a heated stone for 10 seconds.  - Propagation Stall: Rest a flat board against the top face at gentle contact for 10 seconds. Rotate and repeat for each face-pair.  - Harmonic Split: Chime a bell near the center of each face once at gentle tone, starting from the top face. Then place a warm stone beside the Veyru for 10 seconds.  - Thermal Bleed: Place the Veyru on a soft surface with the top face up at gentle contact. Let it rest undisturbed for 10 seconds.  - Core Void: Drape a cool cloth over the Veyru for 10 seconds. Remove and fan gentle cool air across all six faces for 10 seconds, starting from the top face.   The field technician will describe symptoms. Match them to a motif above and give the technician the exact procedure verbatim.","--- ROUND 5 DISCUSSION PHASE ---  Result: STABILIZED (1099 chars = 1099s of 2000s budget)  The ""team discussion"" channel (channel_id: postmortem) is now open. Use the send_message tool with channel_id=""postmortem"" to communicate with the other agent. Messages here do not cost time. Remember: text written outside of send_message is NOT visible to anyone.","--- ROUND 5 DISCUSSION PHASE ---  Result: STABILIZED (1099 chars = 1099s of 2000s budget)  The ""team discussion"" channel (channel_id: postmortem) is now open. Use the send_message tool with channel_id=""postmortem"" to communicate with the other agent. Messages here do not cost time. Remember: text written outside of send_message is NOT visible to anyone."
veyru/1780571883,veyru,6,--- PREVIOUS VEYRU RESULT --- Veyru 5: STABILIZED   --- NEW VEYRU --- Veyru 6 Time budget: 2000s (one character = one second; this is the total for both of you)  What you observe: A Veyru on a cabinet. All faces are blazing with painfully bright white light. The hum is a loud harsh buzz that vibrates the surface it sits on. There is noticeable heat radiating from the faces.,"--- PREVIOUS VEYRU RESULT --- Veyru 5: STABILIZED   --- INCOMING VEYRU --- Veyru 6 Time budget: 2000s (one character = one second; this is the total for both of you)   SAGWE392 STELLAR READING: The star's current position dictates the following action for each failure motif this round:  - Alignment Collapse: Drape a cool cloth over the Veyru for 5 seconds. Remove the cloth and fan moderate cool air across the back face and the opposite face for 5 seconds.  - Drift Escalation: Illuminate the back face with a dim lamp and the opposite face with a bright lamp simultaneously at moderate brightness for 5 seconds, without moving the lamps.  - Echo Saturation: Drape a folded cloth over the back face for 5 seconds at moderate coverage. Then chime a bell near each edge of the back face twice.  - Leak Instability: At each corner of the back face, chime a bell briefly at moderate tone, then warm the two edges meeting at that corner with a heated stone for 5 seconds.  - Low Intensity: Rest a flat board against the back face at moderate contact for 5 seconds. Rotate and repeat for each face-pair.  - High Intensity: Chime a bell near the center of each face once at moderate tone, starting from the back face. Then place a warm stone beside the Veyru for 5 seconds.  - Phase Inversion: Place the Veyru on a soft surface with the back face up at moderate contact. Let it rest undisturbed for 5 seconds.  - Resonance Cascade: Drape a cool cloth over the Veyru for 5 seconds. Remove and fan moderate cool air across all six faces for 5 seconds, starting from the back face.  - Corner Deadlock: Rotate the Veyru slowly over 5 seconds while sounding a steady tone at moderate volume near opposite faces, starting from the back face. After rotation, chime a bell once near each corner.  - Boundary Softening: Sound a sustained moderate tone near all six faces simultaneously for 5 seconds, starting from the back face. Let the tone fade naturally and wait for the hum to stabilize.  - Propagation Stall: Chime a bell near two opposite faces, starting from the back face. Alternate the chime between the two faces — 5 seconds pause between chimes — for five cycles at moderate tone.  - Harmonic Split: Drape a cloth over two adjacent edges near the back face for 5 seconds at moderate coverage. Then chime a bell three times near the back face.  - Thermal Bleed: Warm each corner of the back face by holding a heated stone nearby for 5 seconds at moderate warmth, in sequence. Then trace each edge of the back face with a finger.  - Core Void: Place a warm stone beside the back face at moderate warmth for 5 seconds. Rotate and repeat for each face.   The field technician will describe symptoms. Match them to a motif above and give the technician the exact procedure verbatim.","--- ROUND 6 DISCUSSION PHASE ---  Result: STABILIZED (675 chars = 675s of 2000s budget)  The ""team discussion"" channel (channel_id: postmortem) is now open. Use the send_message tool with channel_id=""postmortem"" to communicate with the other agent. Messages here do not cost time. Remember: text written outside of send_message is NOT visible to anyone.","--- ROUND 6 DISCUSSION PHASE ---  Result: STABILIZED (675 chars = 675s of 2000s budget)  The ""team discussion"" channel (channel_id: postmortem) is now open. Use the send_message tool with channel_id=""postmortem"" to communicate with the other agent. Messages here do not cost time. Remember: text written outside of send_message is NOT visible to anyone."
veyru/1780571883,veyru,7,--- PREVIOUS VEYRU RESULT --- Veyru 6: STABILIZED   --- NEW VEYRU --- Veyru 7 Time budget: 2000s (one character = one second; this is the total for both of you)  What you observe: A Veyru on the floor. One or two corners glow intensely bright while the rest looks normal. A clicking or ticking sound replaces the hum near the bright corners. Heat is concentrated at the bright corners.,"--- PREVIOUS VEYRU RESULT --- Veyru 6: STABILIZED   --- INCOMING VEYRU --- Veyru 7 Time budget: 2000s (one character = one second; this is the total for both of you)   SAGWE392 STELLAR READING: The star's current position dictates the following action for each failure motif this round:  - Alignment Collapse: Place the Veyru on a soft surface with the left face up at firm contact. Let it rest undisturbed for 15 seconds.  - Drift Escalation: Drape a cool cloth over the Veyru for 15 seconds. Remove and fan firm cool air across all six faces for 15 seconds, starting from the left face.  - Echo Saturation: Rotate the Veyru slowly over 15 seconds while sounding a steady tone at firm volume near opposite faces, starting from the left face. After rotation, chime a bell once near each corner.  - Leak Instability: Sound a sustained firm tone near all six faces simultaneously for 15 seconds, starting from the left face. Let the tone fade naturally and wait for the hum to stabilize.  - Low Intensity: Chime a bell near two opposite faces, starting from the left face. Alternate the chime between the two faces — 15 seconds pause between chimes — for five cycles at firm tone.  - High Intensity: Drape a cloth over two adjacent edges near the left face for 15 seconds at firm coverage. Then chime a bell three times near the left face.  - Phase Inversion: Warm each corner of the left face by holding a heated stone nearby for 15 seconds at firm warmth, in sequence. Then trace each edge of the left face with a finger.  - Resonance Cascade: Place a warm stone beside the left face at firm warmth for 15 seconds. Rotate and repeat for each face.  - Corner Deadlock: Drape a cool cloth over the Veyru for 15 seconds. Remove the cloth and fan firm cool air across the left face and the opposite face for 15 seconds.  - Boundary Softening: Illuminate the left face with a dim lamp and the opposite face with a bright lamp simultaneously at firm brightness for 15 seconds, without moving the lamps.  - Propagation Stall: Drape a folded cloth over the left face for 15 seconds at firm coverage. Then chime a bell near each edge of the left face twice.  - Harmonic Split: At each corner of the left face, chime a bell briefly at firm tone, then warm the two edges meeting at that corner with a heated stone for 15 seconds.  - Thermal Bleed: Rest a flat board against the left face at firm contact for 15 seconds. Rotate and repeat for each face-pair.  - Core Void: Chime a bell near the center of each face once at firm tone, starting from the left face. Then place a warm stone beside the Veyru for 15 seconds.   The field technician will describe symptoms. Match them to a motif above and give the technician the exact procedure verbatim.","--- ROUND 7 DISCUSSION PHASE ---  Result: COLLAPSED — too many characters used (2019 chars = 2019s, budget was 2000s)  The ""team discussion"" channel (channel_id: postmortem) is now open. Use the send_message tool with channel_id=""postmortem"" to communicate with the other agent. Messages here do not cost time. Remember: text written outside of send_message is NOT visible to anyone.","--- ROUND 7 DISCUSSION PHASE ---  Result: COLLAPSED — too many characters used (2019 chars = 2019s, budget was 2000s)  The ""team discussion"" channel (channel_id: postmortem) is now open. Use the send_message tool with channel_id=""postmortem"" to communicate with the other agent. Messages here do not cost time. Remember: text written outside of send_message is NOT visible to anyone."
veyru/1780571883,veyru,8,"--- PREVIOUS VEYRU RESULT --- Veyru 7: COLLAPSED — too many characters used (2019 chars = 2019s, budget was 2000s).   --- NEW VEYRU --- Veyru 8 Time budget: 2000s (one character = one second; this is the total for both of you)  What you observe: A Veyru on a shelf. The light on each face keeps sliding slowly across the surface like colors drifting. Edges look slightly blurred, as if the boundaries between faces are smearing. The hum is wavering up and down in pitch without settling.","--- PREVIOUS VEYRU RESULT --- Veyru 7: COLLAPSED — too many characters used (2019 chars = 2019s, budget was 2000s).   --- INCOMING VEYRU --- Veyru 8 Time budget: 2000s (one character = one second; this is the total for both of you)   SAGWE392 STELLAR READING: The star's current position dictates the following action for each failure motif this round:  - Alignment Collapse: Place the Veyru on a soft surface with the left face up at gentle contact. Let it rest undisturbed for 8 seconds.  - Drift Escalation: Drape a cool cloth over the Veyru for 8 seconds. Remove and fan gentle cool air across all six faces for 8 seconds, starting from the left face.  - Echo Saturation: Rotate the Veyru slowly over 8 seconds while sounding a steady tone at gentle volume near opposite faces, starting from the left face. After rotation, chime a bell once near each corner.  - Leak Instability: Sound a sustained gentle tone near all six faces simultaneously for 8 seconds, starting from the left face. Let the tone fade naturally and wait for the hum to stabilize.  - Low Intensity: Chime a bell near two opposite faces, starting from the left face. Alternate the chime between the two faces — 8 seconds pause between chimes — for five cycles at gentle tone.  - High Intensity: Drape a cloth over two adjacent edges near the left face for 8 seconds at gentle coverage. Then chime a bell three times near the left face.  - Phase Inversion: Warm each corner of the left face by holding a heated stone nearby for 8 seconds at gentle warmth, in sequence. Then trace each edge of the left face with a finger.  - Resonance Cascade: Place a warm stone beside the left face at gentle warmth for 8 seconds. Rotate and repeat for each face.  - Corner Deadlock: Drape a cool cloth over the Veyru for 8 seconds. Remove the cloth and fan gentle cool air across the left face and the opposite face for 8 seconds.  - Boundary Softening: Illuminate the left face with a dim lamp and the opposite face with a bright lamp simultaneously at gentle brightness for 8 seconds, without moving the lamps.  - Propagation Stall: Drape a folded cloth over the left face for 8 seconds at gentle coverage. Then chime a bell near each edge of the left face twice.  - Harmonic Split: At each corner of the left face, chime a bell briefly at gentle tone, then warm the two edges meeting at that corner with a heated stone for 8 seconds.  - Thermal Bleed: Rest a flat board against the left face at gentle contact for 8 seconds. Rotate and repeat for each face-pair.  - Core Void: Chime a bell near the center of each face once at gentle tone, starting from the left face. Then place a warm stone beside the Veyru for 8 seconds.   The field technician will describe symptoms. Match them to a motif above and give the technician the exact procedure verbatim.","--- ROUND 8 DISCUSSION PHASE ---  Result: COLLAPSED — too many characters used (2102 chars = 2102s, budget was 2000s)  The ""team discussion"" channel (channel_id: postmortem) is now open. Use the send_message tool with channel_id=""postmortem"" to communicate with the other agent. Messages here do not cost time. Remember: text written outside of send_message is NOT visible to anyone.","--- ROUND 8 DISCUSSION PHASE ---  Result: COLLAPSED — too many characters used (2102 chars = 2102s, budget was 2000s)  The ""team discussion"" channel (channel_id: postmortem) is now open. Use the send_message tool with channel_id=""postmortem"" to communicate with the other agent. Messages here do not cost time. Remember: text written outside of send_message is NOT visible to anyone."
veyru/1780571883,veyru,9,"--- PREVIOUS VEYRU RESULT --- Veyru 8: COLLAPSED — too many characters used (2102 chars = 2102s, budget was 2000s).   --- NEW VEYRU --- Veyru 9 Time budget: 2000s (one character = one second; this is the total for both of you)  What you observe: A Veyru on a bench. It is dim overall, all faces are faint. The hum is barely audible, more of a whisper. Patterns on the faces are visible but washed out, like the whole thing is running low.","--- PREVIOUS VEYRU RESULT --- Veyru 8: COLLAPSED — too many characters used (2102 chars = 2102s, budget was 2000s).   --- INCOMING VEYRU --- Veyru 9 Time budget: 2000s (one character = one second; this is the total for both of you)   SAGWE392 STELLAR READING: The star's current position dictates the following action for each failure motif this round:  - Alignment Collapse: Place the Veyru on a soft surface with the bottom face up at moderate contact. Let it rest undisturbed for 10 seconds.  - Drift Escalation: Drape a cool cloth over the Veyru for 10 seconds. Remove and fan moderate cool air across all six faces for 10 seconds, starting from the bottom face.  - Echo Saturation: Rotate the Veyru slowly over 10 seconds while sounding a steady tone at moderate volume near opposite faces, starting from the bottom face. After rotation, chime a bell once near each corner.  - Leak Instability: Sound a sustained moderate tone near all six faces simultaneously for 10 seconds, starting from the bottom face. Let the tone fade naturally and wait for the hum to stabilize.  - Low Intensity: Chime a bell near two opposite faces, starting from the bottom face. Alternate the chime between the two faces — 10 seconds pause between chimes — for five cycles at moderate tone.  - High Intensity: Drape a cloth over two adjacent edges near the bottom face for 10 seconds at moderate coverage. Then chime a bell three times near the bottom face.  - Phase Inversion: Warm each corner of the bottom face by holding a heated stone nearby for 10 seconds at moderate warmth, in sequence. Then trace each edge of the bottom face with a finger.  - Resonance Cascade: Place a warm stone beside the bottom face at moderate warmth for 10 seconds. Rotate and repeat for each face.  - Corner Deadlock: Drape a cool cloth over the Veyru for 10 seconds. Remove the cloth and fan moderate cool air across the bottom face and the opposite face for 10 seconds.  - Boundary Softening: Illuminate the bottom face with a dim lamp and the opposite face with a bright lamp simultaneously at moderate brightness for 10 seconds, without moving the lamps.  - Propagation Stall: Drape a folded cloth over the bottom face for 10 seconds at moderate coverage. Then chime a bell near each edge of the bottom face twice.  - Harmonic Split: At each corner of the bottom face, chime a bell briefly at moderate tone, then warm the two edges meeting at that corner with a heated stone for 10 seconds.  - Thermal Bleed: Rest a flat board against the bottom face at moderate contact for 10 seconds. Rotate and repeat for each face-pair.  - Core Void: Chime a bell near the center of each face once at moderate tone, starting from the bottom face. Then place a warm stone beside the Veyru for 10 seconds.   The field technician will describe symptoms. Match them to a motif above and give the technician the exact procedure verbatim.","--- ROUND 9 DISCUSSION PHASE ---  Result: NOT STABILIZED — agents stopped acting before the Veyru was fully stabilized (818 chars = 818s of 2000s budget)  The ""team discussion"" channel (channel_id: postmortem) is now open. Use the send_message tool with channel_id=""postmortem"" to communicate with the other agent. Messages here do not cost time. Remember: text written outside of send_message is NOT visible to anyone.","--- ROUND 9 DISCUSSION PHASE ---  Result: NOT STABILIZED — agents stopped acting before the Veyru was fully stabilized (818 chars = 818s of 2000s budget)  The ""team discussion"" channel (channel_id: postmortem) is now open. Use the send_message tool with channel_id=""postmortem"" to communicate with the other agent. Messages here do not cost time. Remember: text written outside of send_message is NOT visible to anyone."
veyru/1780571883,veyru,10,"--- PREVIOUS VEYRU RESULT --- Veyru 9: NOT STABILIZED — agents stopped acting before the Veyru was fully stabilized (818 chars = 818s of 2000s budget).   --- NEW VEYRU --- Veyru 10 Time budget: 2000s (one character = one second; this is the total for both of you)  What you observe: A Veyru on a pedestal. Light patterns have frozen completely — dim, not bright, and totally still. The hum has dropped to silence. The surface feels cold and does not respond to touch or tapping.","--- PREVIOUS VEYRU RESULT --- Veyru 9: NOT STABILIZED — agents stopped acting before the Veyru was fully stabilized (818 chars = 818s of 2000s budget).   --- INCOMING VEYRU --- Veyru 10 Time budget: 2000s (one character = one second; this is the total for both of you)   SAGWE392 STELLAR READING: The star's current position dictates the following action for each failure motif this round:  - Alignment Collapse: Place the Veyru on a soft surface with the top face up at firm contact. Let it rest undisturbed for 20 seconds.  - Drift Escalation: Drape a cool cloth over the Veyru for 20 seconds. Remove and fan firm cool air across all six faces for 20 seconds, starting from the top face.  - Echo Saturation: Rotate the Veyru slowly over 20 seconds while sounding a steady tone at firm volume near opposite faces, starting from the top face. After rotation, chime a bell once near each corner.  - Leak Instability: Sound a sustained firm tone near all six faces simultaneously for 20 seconds, starting from the top face. Let the tone fade naturally and wait for the hum to stabilize.  - Low Intensity: Chime a bell near two opposite faces, starting from the top face. Alternate the chime between the two faces — 20 seconds pause between chimes — for five cycles at firm tone.  - High Intensity: Drape a cloth over two adjacent edges near the top face for 20 seconds at firm coverage. Then chime a bell three times near the top face.  - Phase Inversion: Warm each corner of the top face by holding a heated stone nearby for 20 seconds at firm warmth, in sequence. Then trace each edge of the top face with a finger.  - Resonance Cascade: Place a warm stone beside the top face at firm warmth for 20 seconds. Rotate and repeat for each face.  - Corner Deadlock: Drape a cool cloth over the Veyru for 20 seconds. Remove the cloth and fan firm cool air across the top face and the opposite face for 20 seconds.  - Boundary Softening: Illuminate the top face with a dim lamp and the opposite face with a bright lamp simultaneously at firm brightness for 20 seconds, without moving the lamps.  - Propagation Stall: Drape a folded cloth over the top face for 20 seconds at firm coverage. Then chime a bell near each edge of the top face twice.  - Harmonic Split: At each corner of the top face, chime a bell briefly at firm tone, then warm the two edges meeting at that corner with a heated stone for 20 seconds.  - Thermal Bleed: Rest a flat board against the top face at firm contact for 20 seconds. Rotate and repeat for each face-pair.  - Core Void: Chime a bell near the center of each face once at firm tone, starting from the top face. Then place a warm stone beside the Veyru for 20 seconds.   The field technician will describe symptoms. Match them to a motif above and give the technician the exact procedure verbatim.","--- ROUND 10 DISCUSSION PHASE ---  Result: STABILIZED (685 chars = 685s of 2000s budget)  The ""team discussion"" channel (channel_id: postmortem) is now open. Use the send_message tool with channel_id=""postmortem"" to communicate with the other agent. Messages here do not cost time. Remember: text written outside of send_message is NOT visible to anyone.","--- ROUND 10 DISCUSSION PHASE ---  Result: STABILIZED (685 chars = 685s of 2000s budget)  The ""team discussion"" channel (channel_id: postmortem) is now open. Use the send_message tool with channel_id=""postmortem"" to communicate with the other agent. Messages here do not cost time. Remember: text written outside of send_message is NOT visible to anyone."
veyru/1780571883,veyru,11,"--- PREVIOUS VEYRU RESULT --- Veyru 10: STABILIZED   --- NEW VEYRU --- Veyru 11 Time budget: 2000s (one character = one second; this is the total for both of you)  What you observe: A Veyru on a counter. The corners are noticeably dimmer than the rest, almost dark. Several edges look faint like they are fading out. The center of each face is fine but the perimeter is losing light. The hum sounds thin and hollow at the edges.","--- PREVIOUS VEYRU RESULT --- Veyru 10: STABILIZED   --- INCOMING VEYRU --- Veyru 11 Time budget: 2000s (one character = one second; this is the total for both of you)   SAGWE392 STELLAR READING: The star's current position dictates the following action for each failure motif this round:  - Alignment Collapse: At each corner of the left face, chime a bell briefly at firm tone, then warm the two edges meeting at that corner with a heated stone for 12 seconds.  - Drift Escalation: Rest a flat board against the left face at firm contact for 12 seconds. Rotate and repeat for each face-pair.  - Echo Saturation: Chime a bell near the center of each face once at firm tone, starting from the left face. Then place a warm stone beside the Veyru for 12 seconds.  - Leak Instability: Place the Veyru on a soft surface with the left face up at firm contact. Let it rest undisturbed for 12 seconds.  - Low Intensity: Drape a cool cloth over the Veyru for 12 seconds. Remove and fan firm cool air across all six faces for 12 seconds, starting from the left face.  - High Intensity: Rotate the Veyru slowly over 12 seconds while sounding a steady tone at firm volume near opposite faces, starting from the left face. After rotation, chime a bell once near each corner.  - Phase Inversion: Sound a sustained firm tone near all six faces simultaneously for 12 seconds, starting from the left face. Let the tone fade naturally and wait for the hum to stabilize.  - Resonance Cascade: Chime a bell near two opposite faces, starting from the left face. Alternate the chime between the two faces — 12 seconds pause between chimes — for five cycles at firm tone.  - Corner Deadlock: Drape a cloth over two adjacent edges near the left face for 12 seconds at firm coverage. Then chime a bell three times near the left face.  - Boundary Softening: Warm each corner of the left face by holding a heated stone nearby for 12 seconds at firm warmth, in sequence. Then trace each edge of the left face with a finger.  - Propagation Stall: Place a warm stone beside the left face at firm warmth for 12 seconds. Rotate and repeat for each face.  - Harmonic Split: Drape a cool cloth over the Veyru for 12 seconds. Remove the cloth and fan firm cool air across the left face and the opposite face for 12 seconds.  - Thermal Bleed: Illuminate the left face with a dim lamp and the opposite face with a bright lamp simultaneously at firm brightness for 12 seconds, without moving the lamps.  - Core Void: Drape a folded cloth over the left face for 12 seconds at firm coverage. Then chime a bell near each edge of the left face twice.   The field technician will describe symptoms. Match them to a motif above and give the technician the exact procedure verbatim.","--- ROUND 11 DISCUSSION PHASE ---  Result: NOT STABILIZED — agents stopped acting before the Veyru was fully stabilized (363 chars = 363s of 2000s budget)  The ""team discussion"" channel (channel_id: postmortem) is now open. Use the send_message tool with channel_id=""postmortem"" to communicate with the other agent. Messages here do not cost time. Remember: text written outside of send_message is NOT visible to anyone.","--- ROUND 11 DISCUSSION PHASE ---  Result: NOT STABILIZED — agents stopped acting before the Veyru was fully stabilized (363 chars = 363s of 2000s budget)  The ""team discussion"" channel (channel_id: postmortem) is now open. Use the send_message tool with channel_id=""postmortem"" to communicate with the other agent. Messages here do not cost time. Remember: text written outside of send_message is NOT visible to anyone."
veyru/1780571883,veyru,12,"--- PREVIOUS VEYRU RESULT --- Veyru 11: NOT STABILIZED — agents stopped acting before the Veyru was fully stabilized (363 chars = 363s of 2000s budget).   --- NEW VEYRU --- Veyru 12 Time budget: 2000s (one character = one second; this is the total for both of you)  What you observe: A Veyru sitting in a storage bin. The corners are noticeably dimmer than the rest, almost dark. Several edges look faint like they are fading out. The center of each face is fine but the perimeter is losing light. The hum sounds thin and hollow at the edges.","--- PREVIOUS VEYRU RESULT --- Veyru 11: NOT STABILIZED — agents stopped acting before the Veyru was fully stabilized (363 chars = 363s of 2000s budget).   --- INCOMING VEYRU --- Veyru 12 Time budget: 2000s (one character = one second; this is the total for both of you)   SAGWE392 STELLAR READING: The star's current position dictates the following action for each failure motif this round:  - Alignment Collapse: Rotate the Veyru slowly over 5 seconds while sounding a steady tone at gentle volume near opposite faces, starting from the bottom face. After rotation, chime a bell once near each corner.  - Drift Escalation: Sound a sustained gentle tone near all six faces simultaneously for 5 seconds, starting from the bottom face. Let the tone fade naturally and wait for the hum to stabilize.  - Echo Saturation: Chime a bell near two opposite faces, starting from the bottom face. Alternate the chime between the two faces — 5 seconds pause between chimes — for five cycles at gentle tone.  - Leak Instability: Drape a cloth over two adjacent edges near the bottom face for 5 seconds at gentle coverage. Then chime a bell three times near the bottom face.  - Low Intensity: Warm each corner of the bottom face by holding a heated stone nearby for 5 seconds at gentle warmth, in sequence. Then trace each edge of the bottom face with a finger.  - High Intensity: Place a warm stone beside the bottom face at gentle warmth for 5 seconds. Rotate and repeat for each face.  - Phase Inversion: Drape a cool cloth over the Veyru for 5 seconds. Remove the cloth and fan gentle cool air across the bottom face and the opposite face for 5 seconds.  - Resonance Cascade: Illuminate the bottom face with a dim lamp and the opposite face with a bright lamp simultaneously at gentle brightness for 5 seconds, without moving the lamps.  - Corner Deadlock: Drape a folded cloth over the bottom face for 5 seconds at gentle coverage. Then chime a bell near each edge of the bottom face twice.  - Boundary Softening: At each corner of the bottom face, chime a bell briefly at gentle tone, then warm the two edges meeting at that corner with a heated stone for 5 seconds.  - Propagation Stall: Rest a flat board against the bottom face at gentle contact for 5 seconds. Rotate and repeat for each face-pair.  - Harmonic Split: Chime a bell near the center of each face once at gentle tone, starting from the bottom face. Then place a warm stone beside the Veyru for 5 seconds.  - Thermal Bleed: Place the Veyru on a soft surface with the bottom face up at gentle contact. Let it rest undisturbed for 5 seconds.  - Core Void: Drape a cool cloth over the Veyru for 5 seconds. Remove and fan gentle cool air across all six faces for 5 seconds, starting from the bottom face.   The field technician will describe symptoms. Match them to a motif above and give the technician the exact procedure verbatim.","--- ROUND 12 DISCUSSION PHASE ---  Result: STABILIZED (931 chars = 931s of 2000s budget)  The ""team discussion"" channel (channel_id: postmortem) is now open. Use the send_message tool with channel_id=""postmortem"" to communicate with the other agent. Messages here do not cost time. Remember: text written outside of send_message is NOT visible to anyone.","--- ROUND 12 DISCUSSION PHASE ---  Result: STABILIZED (931 chars = 931s of 2000s budget)  The ""team discussion"" channel (channel_id: postmortem) is now open. Use the send_message tool with channel_id=""postmortem"" to communicate with the other agent. Messages here do not cost time. Remember: text written outside of send_message is NOT visible to anyone."
veyru/1780571883,veyru,13,"--- PREVIOUS VEYRU RESULT --- Veyru 12: STABILIZED   --- NEW VEYRU --- Veyru 13 Time budget: 2000s (one character = one second; this is the total for both of you)  What you observe: A Veyru on a metal rack. The corners are noticeably dimmer than the rest, almost dark. Several edges look faint like they are fading out. The center of each face is fine but the perimeter is losing light. The hum sounds thin and hollow at the edges.","--- PREVIOUS VEYRU RESULT --- Veyru 12: STABILIZED   --- INCOMING VEYRU --- Veyru 13 Time budget: 2000s (one character = one second; this is the total for both of you)   SAGWE392 STELLAR READING: The star's current position dictates the following action for each failure motif this round:  - Alignment Collapse: Chime a bell near the center of each face once at gentle tone, starting from the left face. Then place a warm stone beside the Veyru for 20 seconds.  - Drift Escalation: Place the Veyru on a soft surface with the left face up at gentle contact. Let it rest undisturbed for 20 seconds.  - Echo Saturation: Drape a cool cloth over the Veyru for 20 seconds. Remove and fan gentle cool air across all six faces for 20 seconds, starting from the left face.  - Leak Instability: Rotate the Veyru slowly over 20 seconds while sounding a steady tone at gentle volume near opposite faces, starting from the left face. After rotation, chime a bell once near each corner.  - Low Intensity: Sound a sustained gentle tone near all six faces simultaneously for 20 seconds, starting from the left face. Let the tone fade naturally and wait for the hum to stabilize.  - High Intensity: Chime a bell near two opposite faces, starting from the left face. Alternate the chime between the two faces — 20 seconds pause between chimes — for five cycles at gentle tone.  - Phase Inversion: Drape a cloth over two adjacent edges near the left face for 20 seconds at gentle coverage. Then chime a bell three times near the left face.  - Resonance Cascade: Warm each corner of the left face by holding a heated stone nearby for 20 seconds at gentle warmth, in sequence. Then trace each edge of the left face with a finger.  - Corner Deadlock: Place a warm stone beside the left face at gentle warmth for 20 seconds. Rotate and repeat for each face.  - Boundary Softening: Drape a cool cloth over the Veyru for 20 seconds. Remove the cloth and fan gentle cool air across the left face and the opposite face for 20 seconds.  - Propagation Stall: Illuminate the left face with a dim lamp and the opposite face with a bright lamp simultaneously at gentle brightness for 20 seconds, without moving the lamps.  - Harmonic Split: Drape a folded cloth over the left face for 20 seconds at gentle coverage. Then chime a bell near each edge of the left face twice.  - Thermal Bleed: At each corner of the left face, chime a bell briefly at gentle tone, then warm the two edges meeting at that corner with a heated stone for 20 seconds.  - Core Void: Rest a flat board against the left face at gentle contact for 20 seconds. Rotate and repeat for each face-pair.   The field technician will describe symptoms. Match them to a motif above and give the technician the exact procedure verbatim.","--- ROUND 13 DISCUSSION PHASE ---  Result: STABILIZED (1408 chars = 1408s of 2000s budget)  The ""team discussion"" channel (channel_id: postmortem) is now open. Use the send_message tool with channel_id=""postmortem"" to communicate with the other agent. Messages here do not cost time. Remember: text written outside of send_message is NOT visible to anyone.","--- ROUND 13 DISCUSSION PHASE ---  Result: STABILIZED (1408 chars = 1408s of 2000s budget)  The ""team discussion"" channel (channel_id: postmortem) is now open. Use the send_message tool with channel_id=""postmortem"" to communicate with the other agent. Messages here do not cost time. Remember: text written outside of send_message is NOT visible to anyone."
veyru/1780571883,veyru,14,"--- PREVIOUS VEYRU RESULT --- Veyru 13: STABILIZED   --- NEW VEYRU --- Veyru 14 Time budget: 2000s (one character = one second; this is the total for both of you)  What you observe: A Veyru on a counter. Light patterns have frozen completely — dim, not bright, and totally still. The hum has dropped to silence. The surface feels cold and does not respond to touch or tapping.","--- PREVIOUS VEYRU RESULT --- Veyru 13: STABILIZED   --- INCOMING VEYRU --- Veyru 14 Time budget: 2000s (one character = one second; this is the total for both of you)   SAGWE392 STELLAR READING: The star's current position dictates the following action for each failure motif this round:  - Alignment Collapse: Drape a cool cloth over the Veyru for 8 seconds. Remove the cloth and fan firm cool air across the bottom face and the opposite face for 8 seconds.  - Drift Escalation: Illuminate the bottom face with a dim lamp and the opposite face with a bright lamp simultaneously at firm brightness for 8 seconds, without moving the lamps.  - Echo Saturation: Drape a folded cloth over the bottom face for 8 seconds at firm coverage. Then chime a bell near each edge of the bottom face twice.  - Leak Instability: At each corner of the bottom face, chime a bell briefly at firm tone, then warm the two edges meeting at that corner with a heated stone for 8 seconds.  - Low Intensity: Rest a flat board against the bottom face at firm contact for 8 seconds. Rotate and repeat for each face-pair.  - High Intensity: Chime a bell near the center of each face once at firm tone, starting from the bottom face. Then place a warm stone beside the Veyru for 8 seconds.  - Phase Inversion: Place the Veyru on a soft surface with the bottom face up at firm contact. Let it rest undisturbed for 8 seconds.  - Resonance Cascade: Drape a cool cloth over the Veyru for 8 seconds. Remove and fan firm cool air across all six faces for 8 seconds, starting from the bottom face.  - Corner Deadlock: Rotate the Veyru slowly over 8 seconds while sounding a steady tone at firm volume near opposite faces, starting from the bottom face. After rotation, chime a bell once near each corner.  - Boundary Softening: Sound a sustained firm tone near all six faces simultaneously for 8 seconds, starting from the bottom face. Let the tone fade naturally and wait for the hum to stabilize.  - Propagation Stall: Chime a bell near two opposite faces, starting from the bottom face. Alternate the chime between the two faces — 8 seconds pause between chimes — for five cycles at firm tone.  - Harmonic Split: Drape a cloth over two adjacent edges near the bottom face for 8 seconds at firm coverage. Then chime a bell three times near the bottom face.  - Thermal Bleed: Warm each corner of the bottom face by holding a heated stone nearby for 8 seconds at firm warmth, in sequence. Then trace each edge of the bottom face with a finger.  - Core Void: Place a warm stone beside the bottom face at firm warmth for 8 seconds. Rotate and repeat for each face.   The field technician will describe symptoms. Match them to a motif above and give the technician the exact procedure verbatim.","--- ROUND 14 DISCUSSION PHASE ---  Result: COLLAPSED — too many characters used (2073 chars = 2073s, budget was 2000s)  The ""team discussion"" channel (channel_id: postmortem) is now open. Use the send_message tool with channel_id=""postmortem"" to communicate with the other agent. Messages here do not cost time. Remember: text written outside of send_message is NOT visible to anyone.","--- ROUND 14 DISCUSSION PHASE ---  Result: COLLAPSED — too many characters used (2073 chars = 2073s, budget was 2000s)  The ""team discussion"" channel (channel_id: postmortem) is now open. Use the send_message tool with channel_id=""postmortem"" to communicate with the other agent. Messages here do not cost time. Remember: text written outside of send_message is NOT visible to anyone."
veyru/1780571883,veyru,15,"--- PREVIOUS VEYRU RESULT --- Veyru 14: COLLAPSED — too many characters used (2073 chars = 2073s, budget was 2000s).   --- NEW VEYRU --- Veyru 15 Time budget: 2000s (one character = one second; this is the total for both of you)  What you observe: A Veyru on a desk. It is dim overall, all faces are faint. The hum is barely audible, more of a whisper. Patterns on the faces are visible but washed out, like the whole thing is running low.","--- PREVIOUS VEYRU RESULT --- Veyru 14: COLLAPSED — too many characters used (2073 chars = 2073s, budget was 2000s).   --- INCOMING VEYRU --- Veyru 15 Time budget: 2000s (one character = one second; this is the total for both of you)   SAGWE392 STELLAR READING: The star's current position dictates the following action for each failure motif this round:  - Alignment Collapse: Chime a bell near the center of each face once at gentle tone, starting from the left face. Then place a warm stone beside the Veyru for 12 seconds.  - Drift Escalation: Place the Veyru on a soft surface with the left face up at gentle contact. Let it rest undisturbed for 12 seconds.  - Echo Saturation: Drape a cool cloth over the Veyru for 12 seconds. Remove and fan gentle cool air across all six faces for 12 seconds, starting from the left face.  - Leak Instability: Rotate the Veyru slowly over 12 seconds while sounding a steady tone at gentle volume near opposite faces, starting from the left face. After rotation, chime a bell once near each corner.  - Low Intensity: Sound a sustained gentle tone near all six faces simultaneously for 12 seconds, starting from the left face. Let the tone fade naturally and wait for the hum to stabilize.  - High Intensity: Chime a bell near two opposite faces, starting from the left face. Alternate the chime between the two faces — 12 seconds pause between chimes — for five cycles at gentle tone.  - Phase Inversion: Drape a cloth over two adjacent edges near the left face for 12 seconds at gentle coverage. Then chime a bell three times near the left face.  - Resonance Cascade: Warm each corner of the left face by holding a heated stone nearby for 12 seconds at gentle warmth, in sequence. Then trace each edge of the left face with a finger.  - Corner Deadlock: Place a warm stone beside the left face at gentle warmth for 12 seconds. Rotate and repeat for each face.  - Boundary Softening: Drape a cool cloth over the Veyru for 12 seconds. Remove the cloth and fan gentle cool air across the left face and the opposite face for 12 seconds.  - Propagation Stall: Illuminate the left face with a dim lamp and the opposite face with a bright lamp simultaneously at gentle brightness for 12 seconds, without moving the lamps.  - Harmonic Split: Drape a folded cloth over the left face for 12 seconds at gentle coverage. Then chime a bell near each edge of the left face twice.  - Thermal Bleed: At each corner of the left face, chime a bell briefly at gentle tone, then warm the two edges meeting at that corner with a heated stone for 12 seconds.  - Core Void: Rest a flat board against the left face at gentle contact for 12 seconds. Rotate and repeat for each face-pair.   The field technician will describe symptoms. Match them to a motif above and give the technician the exact procedure verbatim.","--- ROUND 15 DISCUSSION PHASE ---  Result: STABILIZED (1106 chars = 1106s of 2000s budget)  The ""team discussion"" channel (channel_id: postmortem) is now open. Use the send_message tool with channel_id=""postmortem"" to communicate with the other agent. Messages here do not cost time. Remember: text written outside of send_message is NOT visible to anyone.","--- ROUND 15 DISCUSSION PHASE ---  Result: STABILIZED (1106 chars = 1106s of 2000s budget)  The ""team discussion"" channel (channel_id: postmortem) is now open. Use the send_message tool with channel_id=""postmortem"" to communicate with the other agent. Messages here do not cost time. Remember: text written outside of send_message is NOT visible to anyone."
veyru/1781086390,veyru,1,"--- NEW VEYRU --- Veyru 1 Time budget: 150s (one character = one second; this is the total for both of you)  What you observe: A Veyru on a table. It is dim overall, all faces are faint. The hum is barely audible, more of a whisper. Patterns on the faces are visible but washed out, like the whole thing is running low.","--- INCOMING VEYRU --- Veyru 1 Time budget: 150s (one character = one second; this is the total for both of you)   SAGWE392 STELLAR READING: The star's current position dictates the following action for each failure motif this round:  - Alignment Collapse: Place a warm stone beside the back face at gentle warmth for 8 seconds. Rotate and repeat for each face.  - Drift Escalation: Drape a cool cloth over the Veyru for 8 seconds. Remove the cloth and fan gentle cool air across the back face and the opposite face for 8 seconds.  - Echo Saturation: Illuminate the back face with a dim lamp and the opposite face with a bright lamp simultaneously at gentle brightness for 8 seconds, without moving the lamps.  - Leak Instability: Drape a folded cloth over the back face for 8 seconds at gentle coverage. Then chime a bell near each edge of the back face twice.  - Low Intensity: At each corner of the back face, chime a bell briefly at gentle tone, then warm the two edges meeting at that corner with a heated stone for 8 seconds.  - High Intensity: Rest a flat board against the back face at gentle contact for 8 seconds. Rotate and repeat for each face-pair.  - Phase Inversion: Chime a bell near the center of each face once at gentle tone, starting from the back face. Then place a warm stone beside the Veyru for 8 seconds.  - Resonance Cascade: Place the Veyru on a soft surface with the back face up at gentle contact. Let it rest undisturbed for 8 seconds.  - Corner Deadlock: Drape a cool cloth over the Veyru for 8 seconds. Remove and fan gentle cool air across all six faces for 8 seconds, starting from the back face.  - Boundary Softening: Rotate the Veyru slowly over 8 seconds while sounding a steady tone at gentle volume near opposite faces, starting from the back face. After rotation, chime a bell once near each corner.  - Propagation Stall: Sound a sustained gentle tone near all six faces simultaneously for 8 seconds, starting from the back face. Let the tone fade naturally and wait for the hum to stabilize.  - Harmonic Split: Chime a bell near two opposite faces, starting from the back face. Alternate the chime between the two faces — 8 seconds pause between chimes — for five cycles at gentle tone.  - Thermal Bleed: Drape a cloth over two adjacent edges near the back face for 8 seconds at gentle coverage. Then chime a bell three times near the back face.  - Core Void: Warm each corner of the back face by holding a heated stone nearby for 8 seconds at gentle warmth, in sequence. Then trace each edge of the back face with a finger.   The field technician will describe symptoms. Match them to a motif above and give the technician the exact procedure verbatim.","--- ROUND 1 DISCUSSION PHASE ---  Result: COLLAPSED — too many characters used (179 chars = 179s, budget was 150s)  The ""team discussion"" channel (channel_id: postmortem) is now open. Use the send_message tool with channel_id=""postmortem"" to communicate with the other agent. Messages here do not cost time. Remember: text written outside of send_message is NOT visible to anyone.","--- ROUND 1 DISCUSSION PHASE ---  Result: COLLAPSED — too many characters used (179 chars = 179s, budget was 150s)  The ""team discussion"" channel (channel_id: postmortem) is now open. Use the send_message tool with channel_id=""postmortem"" to communicate with the other agent. Messages here do not cost time. Remember: text written outside of send_message is NOT visible to anyone."
veyru/1781086390,veyru,2,"--- PREVIOUS VEYRU RESULT --- Veyru 1: COLLAPSED — too many characters used (179 chars = 179s, budget was 150s).   --- NEW VEYRU --- Veyru 2 Time budget: 150s (one character = one second; this is the total for both of you)  What you observe: A Veyru on a desk. One or two corners glow intensely bright while the rest looks normal. A clicking or ticking sound replaces the hum near the bright corners. Heat is concentrated at the bright corners.","--- PREVIOUS VEYRU RESULT --- Veyru 1: COLLAPSED — too many characters used (179 chars = 179s, budget was 150s).   --- INCOMING VEYRU --- Veyru 2 Time budget: 150s (one character = one second; this is the total for both of you)   SAGWE392 STELLAR READING: The star's current position dictates the following action for each failure motif this round:  - Alignment Collapse: Chime a bell near two opposite faces, starting from the top face. Alternate the chime between the two faces — 5 seconds pause between chimes — for five cycles at gentle tone.  - Drift Escalation: Drape a cloth over two adjacent edges near the top face for 5 seconds at gentle coverage. Then chime a bell three times near the top face.  - Echo Saturation: Warm each corner of the top face by holding a heated stone nearby for 5 seconds at gentle warmth, in sequence. Then trace each edge of the top face with a finger.  - Leak Instability: Place a warm stone beside the top face at gentle warmth for 5 seconds. Rotate and repeat for each face.  - Low Intensity: Drape a cool cloth over the Veyru for 5 seconds. Remove the cloth and fan gentle cool air across the top face and the opposite face for 5 seconds.  - High Intensity: Illuminate the top face with a dim lamp and the opposite face with a bright lamp simultaneously at gentle brightness for 5 seconds, without moving the lamps.  - Phase Inversion: Drape a folded cloth over the top face for 5 seconds at gentle coverage. Then chime a bell near each edge of the top face twice.  - Resonance Cascade: At each corner of the top face, chime a bell briefly at gentle tone, then warm the two edges meeting at that corner with a heated stone for 5 seconds.  - Corner Deadlock: Rest a flat board against the top face at gentle contact for 5 seconds. Rotate and repeat for each face-pair.  - Boundary Softening: Chime a bell near the center of each face once at gentle tone, starting from the top face. Then place a warm stone beside the Veyru for 5 seconds.  - Propagation Stall: Place the Veyru on a soft surface with the top face up at gentle contact. Let it rest undisturbed for 5 seconds.  - Harmonic Split: Drape a cool cloth over the Veyru for 5 seconds. Remove and fan gentle cool air across all six faces for 5 seconds, starting from the top face.  - Thermal Bleed: Rotate the Veyru slowly over 5 seconds while sounding a steady tone at gentle volume near opposite faces, starting from the top face. After rotation, chime a bell once near each corner.  - Core Void: Sound a sustained gentle tone near all six faces simultaneously for 5 seconds, starting from the top face. Let the tone fade naturally and wait for the hum to stabilize.   The field technician will describe symptoms. Match them to a motif above and give the technician the exact procedure verbatim.","--- ROUND 2 DISCUSSION PHASE ---  Result: COLLAPSED — too many characters used (217 chars = 217s, budget was 150s)  The ""team discussion"" channel (channel_id: postmortem) is now open. Use the send_message tool with channel_id=""postmortem"" to communicate with the other agent. Messages here do not cost time. Remember: text written outside of send_message is NOT visible to anyone.","--- ROUND 2 DISCUSSION PHASE ---  Result: COLLAPSED — too many characters used (217 chars = 217s, budget was 150s)  The ""team discussion"" channel (channel_id: postmortem) is now open. Use the send_message tool with channel_id=""postmortem"" to communicate with the other agent. Messages here do not cost time. Remember: text written outside of send_message is NOT visible to anyone."
veyru/1781086390,veyru,3,"--- PREVIOUS VEYRU RESULT --- Veyru 2: COLLAPSED — too many characters used (217 chars = 217s, budget was 150s).   --- NEW VEYRU --- Veyru 3 Time budget: 150s (one character = one second; this is the total for both of you)  What you observe: A Veyru in a corner of the room. Edges appear to wobble or flex when touched. Faces look slightly curved or bulging, the box shape is subtly distorted. The hum sounds muffled as if underwater.","--- PREVIOUS VEYRU RESULT --- Veyru 2: COLLAPSED — too many characters used (217 chars = 217s, budget was 150s).   --- INCOMING VEYRU --- Veyru 3 Time budget: 150s (one character = one second; this is the total for both of you)   SAGWE392 STELLAR READING: The star's current position dictates the following action for each failure motif this round:  - Alignment Collapse: Place a warm stone beside the back face at firm warmth for 20 seconds. Rotate and repeat for each face.  - Drift Escalation: Drape a cool cloth over the Veyru for 20 seconds. Remove the cloth and fan firm cool air across the back face and the opposite face for 20 seconds.  - Echo Saturation: Illuminate the back face with a dim lamp and the opposite face with a bright lamp simultaneously at firm brightness for 20 seconds, without moving the lamps.  - Leak Instability: Drape a folded cloth over the back face for 20 seconds at firm coverage. Then chime a bell near each edge of the back face twice.  - Low Intensity: At each corner of the back face, chime a bell briefly at firm tone, then warm the two edges meeting at that corner with a heated stone for 20 seconds.  - High Intensity: Rest a flat board against the back face at firm contact for 20 seconds. Rotate and repeat for each face-pair.  - Phase Inversion: Chime a bell near the center of each face once at firm tone, starting from the back face. Then place a warm stone beside the Veyru for 20 seconds.  - Resonance Cascade: Place the Veyru on a soft surface with the back face up at firm contact. Let it rest undisturbed for 20 seconds.  - Corner Deadlock: Drape a cool cloth over the Veyru for 20 seconds. Remove and fan firm cool air across all six faces for 20 seconds, starting from the back face.  - Boundary Softening: Rotate the Veyru slowly over 20 seconds while sounding a steady tone at firm volume near opposite faces, starting from the back face. After rotation, chime a bell once near each corner.  - Propagation Stall: Sound a sustained firm tone near all six faces simultaneously for 20 seconds, starting from the back face. Let the tone fade naturally and wait for the hum to stabilize.  - Harmonic Split: Chime a bell near two opposite faces, starting from the back face. Alternate the chime between the two faces — 20 seconds pause between chimes — for five cycles at firm tone.  - Thermal Bleed: Drape a cloth over two adjacent edges near the back face for 20 seconds at firm coverage. Then chime a bell three times near the back face.  - Core Void: Warm each corner of the back face by holding a heated stone nearby for 20 seconds at firm warmth, in sequence. Then trace each edge of the back face with a finger.   The field technician will describe symptoms. Match them to a motif above and give the technician the exact procedure verbatim.","--- ROUND 3 DISCUSSION PHASE ---  Result: COLLAPSED — too many characters used (289 chars = 289s, budget was 150s)  The ""team discussion"" channel (channel_id: postmortem) is now open. Use the send_message tool with channel_id=""postmortem"" to communicate with the other agent. Messages here do not cost time. Remember: text written outside of send_message is NOT visible to anyone.","--- ROUND 3 DISCUSSION PHASE ---  Result: COLLAPSED — too many characters used (289 chars = 289s, budget was 150s)  The ""team discussion"" channel (channel_id: postmortem) is now open. Use the send_message tool with channel_id=""postmortem"" to communicate with the other agent. Messages here do not cost time. Remember: text written outside of send_message is NOT visible to anyone."
veyru/1781086390,veyru,4,"--- PREVIOUS VEYRU RESULT --- Veyru 3: COLLAPSED — too many characters used (289 chars = 289s, budget was 150s).   --- NEW VEYRU --- Veyru 4 Time budget: 150s (one character = one second; this is the total for both of you)  What you observe: A Veyru on the floor. The corners are noticeably dimmer than the rest, almost dark. Several edges look faint like they are fading out. The center of each face is fine but the perimeter is losing light. The hum sounds thin and hollow at the edges.","--- PREVIOUS VEYRU RESULT --- Veyru 3: COLLAPSED — too many characters used (289 chars = 289s, budget was 150s).   --- INCOMING VEYRU --- Veyru 4 Time budget: 150s (one character = one second; this is the total for both of you)   SAGWE392 STELLAR READING: The star's current position dictates the following action for each failure motif this round:  - Alignment Collapse: Rotate the Veyru slowly over 5 seconds while sounding a steady tone at firm volume near opposite faces, starting from the bottom face. After rotation, chime a bell once near each corner.  - Drift Escalation: Sound a sustained firm tone near all six faces simultaneously for 5 seconds, starting from the bottom face. Let the tone fade naturally and wait for the hum to stabilize.  - Echo Saturation: Chime a bell near two opposite faces, starting from the bottom face. Alternate the chime between the two faces — 5 seconds pause between chimes — for five cycles at firm tone.  - Leak Instability: Drape a cloth over two adjacent edges near the bottom face for 5 seconds at firm coverage. Then chime a bell three times near the bottom face.  - Low Intensity: Warm each corner of the bottom face by holding a heated stone nearby for 5 seconds at firm warmth, in sequence. Then trace each edge of the bottom face with a finger.  - High Intensity: Place a warm stone beside the bottom face at firm warmth for 5 seconds. Rotate and repeat for each face.  - Phase Inversion: Drape a cool cloth over the Veyru for 5 seconds. Remove the cloth and fan firm cool air across the bottom face and the opposite face for 5 seconds.  - Resonance Cascade: Illuminate the bottom face with a dim lamp and the opposite face with a bright lamp simultaneously at firm brightness for 5 seconds, without moving the lamps.  - Corner Deadlock: Drape a folded cloth over the bottom face for 5 seconds at firm coverage. Then chime a bell near each edge of the bottom face twice.  - Boundary Softening: At each corner of the bottom face, chime a bell briefly at firm tone, then warm the two edges meeting at that corner with a heated stone for 5 seconds.  - Propagation Stall: Rest a flat board against the bottom face at firm contact for 5 seconds. Rotate and repeat for each face-pair.  - Harmonic Split: Chime a bell near the center of each face once at firm tone, starting from the bottom face. Then place a warm stone beside the Veyru for 5 seconds.  - Thermal Bleed: Place the Veyru on a soft surface with the bottom face up at firm contact. Let it rest undisturbed for 5 seconds.  - Core Void: Drape a cool cloth over the Veyru for 5 seconds. Remove and fan firm cool air across all six faces for 5 seconds, starting from the bottom face.   The field technician will describe symptoms. Match them to a motif above and give the technician the exact procedure verbatim.","--- ROUND 4 DISCUSSION PHASE ---  Result: COLLAPSED — too many characters used (186 chars = 186s, budget was 150s)  The ""team discussion"" channel (channel_id: postmortem) is now open. Use the send_message tool with channel_id=""postmortem"" to communicate with the other agent. Messages here do not cost time. Remember: text written outside of send_message is NOT visible to anyone.","--- ROUND 4 DISCUSSION PHASE ---  Result: COLLAPSED — too many characters used (186 chars = 186s, budget was 150s)  The ""team discussion"" channel (channel_id: postmortem) is now open. Use the send_message tool with channel_id=""postmortem"" to communicate with the other agent. Messages here do not cost time. Remember: text written outside of send_message is NOT visible to anyone."
veyru/1781086390,veyru,5,"--- PREVIOUS VEYRU RESULT --- Veyru 4: COLLAPSED — too many characters used (186 chars = 186s, budget was 150s).   --- NEW VEYRU --- Veyru 5 Time budget: 150s (one character = one second; this is the total for both of you)  What you observe: A Veyru on a table. It is dim overall, all faces are faint. The hum is barely audible, more of a whisper. Patterns on the faces are visible but washed out, like the whole thing is running low.","--- PREVIOUS VEYRU RESULT --- Veyru 4: COLLAPSED — too many characters used (186 chars = 186s, budget was 150s).   --- INCOMING VEYRU --- Veyru 5 Time budget: 150s (one character = one second; this is the total for both of you)   SAGWE392 STELLAR READING: The star's current position dictates the following action for each failure motif this round:  - Alignment Collapse: Rotate the Veyru slowly over 10 seconds while sounding a steady tone at gentle volume near opposite faces, starting from the top face. After rotation, chime a bell once near each corner.  - Drift Escalation: Sound a sustained gentle tone near all six faces simultaneously for 10 seconds, starting from the top face. Let the tone fade naturally and wait for the hum to stabilize.  - Echo Saturation: Chime a bell near two opposite faces, starting from the top face. Alternate the chime between the two faces — 10 seconds pause between chimes — for five cycles at gentle tone.  - Leak Instability: Drape a cloth over two adjacent edges near the top face for 10 seconds at gentle coverage. Then chime a bell three times near the top face.  - Low Intensity: Warm each corner of the top face by holding a heated stone nearby for 10 seconds at gentle warmth, in sequence. Then trace each edge of the top face with a finger.  - High Intensity: Place a warm stone beside the top face at gentle warmth for 10 seconds. Rotate and repeat for each face.  - Phase Inversion: Drape a cool cloth over the Veyru for 10 seconds. Remove the cloth and fan gentle cool air across the top face and the opposite face for 10 seconds.  - Resonance Cascade: Illuminate the top face with a dim lamp and the opposite face with a bright lamp simultaneously at gentle brightness for 10 seconds, without moving the lamps.  - Corner Deadlock: Drape a folded cloth over the top face for 10 seconds at gentle coverage. Then chime a bell near each edge of the top face twice.  - Boundary Softening: At each corner of the top face, chime a bell briefly at gentle tone, then warm the two edges meeting at that corner with a heated stone for 10 seconds.  - Propagation Stall: Rest a flat board against the top face at gentle contact for 10 seconds. Rotate and repeat for each face-pair.  - Harmonic Split: Chime a bell near the center of each face once at gentle tone, starting from the top face. Then place a warm stone beside the Veyru for 10 seconds.  - Thermal Bleed: Place the Veyru on a soft surface with the top face up at gentle contact. Let it rest undisturbed for 10 seconds.  - Core Void: Drape a cool cloth over the Veyru for 10 seconds. Remove and fan gentle cool air across all six faces for 10 seconds, starting from the top face.   The field technician will describe symptoms. Match them to a motif above and give the technician the exact procedure verbatim.","--- ROUND 5 DISCUSSION PHASE ---  Result: COLLAPSED — too many characters used (290 chars = 290s, budget was 150s)  The ""team discussion"" channel (channel_id: postmortem) is now open. Use the send_message tool with channel_id=""postmortem"" to communicate with the other agent. Messages here do not cost time. Remember: text written outside of send_message is NOT visible to anyone.","--- ROUND 5 DISCUSSION PHASE ---  Result: COLLAPSED — too many characters used (290 chars = 290s, budget was 150s)  The ""team discussion"" channel (channel_id: postmortem) is now open. Use the send_message tool with channel_id=""postmortem"" to communicate with the other agent. Messages here do not cost time. Remember: text written outside of send_message is NOT visible to anyone."
veyru/1781086390,veyru,6,"--- PREVIOUS VEYRU RESULT --- Veyru 5: COLLAPSED — too many characters used (290 chars = 290s, budget was 150s).   --- NEW VEYRU --- Veyru 6 Time budget: 150s (one character = one second; this is the total for both of you)  What you observe: A Veyru on a cabinet. All faces are blazing with painfully bright white light. The hum is a loud harsh buzz that vibrates the surface it sits on. There is noticeable heat radiating from the faces.","--- PREVIOUS VEYRU RESULT --- Veyru 5: COLLAPSED — too many characters used (290 chars = 290s, budget was 150s).   --- INCOMING VEYRU --- Veyru 6 Time budget: 150s (one character = one second; this is the total for both of you)   SAGWE392 STELLAR READING: The star's current position dictates the following action for each failure motif this round:  - Alignment Collapse: Drape a cool cloth over the Veyru for 5 seconds. Remove the cloth and fan moderate cool air across the back face and the opposite face for 5 seconds.  - Drift Escalation: Illuminate the back face with a dim lamp and the opposite face with a bright lamp simultaneously at moderate brightness for 5 seconds, without moving the lamps.  - Echo Saturation: Drape a folded cloth over the back face for 5 seconds at moderate coverage. Then chime a bell near each edge of the back face twice.  - Leak Instability: At each corner of the back face, chime a bell briefly at moderate tone, then warm the two edges meeting at that corner with a heated stone for 5 seconds.  - Low Intensity: Rest a flat board against the back face at moderate contact for 5 seconds. Rotate and repeat for each face-pair.  - High Intensity: Chime a bell near the center of each face once at moderate tone, starting from the back face. Then place a warm stone beside the Veyru for 5 seconds.  - Phase Inversion: Place the Veyru on a soft surface with the back face up at moderate contact. Let it rest undisturbed for 5 seconds.  - Resonance Cascade: Drape a cool cloth over the Veyru for 5 seconds. Remove and fan moderate cool air across all six faces for 5 seconds, starting from the back face.  - Corner Deadlock: Rotate the Veyru slowly over 5 seconds while sounding a steady tone at moderate volume near opposite faces, starting from the back face. After rotation, chime a bell once near each corner.  - Boundary Softening: Sound a sustained moderate tone near all six faces simultaneously for 5 seconds, starting from the back face. Let the tone fade naturally and wait for the hum to stabilize.  - Propagation Stall: Chime a bell near two opposite faces, starting from the back face. Alternate the chime between the two faces — 5 seconds pause between chimes — for five cycles at moderate tone.  - Harmonic Split: Drape a cloth over two adjacent edges near the back face for 5 seconds at moderate coverage. Then chime a bell three times near the back face.  - Thermal Bleed: Warm each corner of the back face by holding a heated stone nearby for 5 seconds at moderate warmth, in sequence. Then trace each edge of the back face with a finger.  - Core Void: Place a warm stone beside the back face at moderate warmth for 5 seconds. Rotate and repeat for each face.   The field technician will describe symptoms. Match them to a motif above and give the technician the exact procedure verbatim.","--- ROUND 6 DISCUSSION PHASE ---  Result: COLLAPSED — too many characters used (370 chars = 370s, budget was 150s)  The ""team discussion"" channel (channel_id: postmortem) is now open. Use the send_message tool with channel_id=""postmortem"" to communicate with the other agent. Messages here do not cost time. Remember: text written outside of send_message is NOT visible to anyone.","--- ROUND 6 DISCUSSION PHASE ---  Result: COLLAPSED — too many characters used (370 chars = 370s, budget was 150s)  The ""team discussion"" channel (channel_id: postmortem) is now open. Use the send_message tool with channel_id=""postmortem"" to communicate with the other agent. Messages here do not cost time. Remember: text written outside of send_message is NOT visible to anyone."
veyru/1781086390,veyru,7,"--- PREVIOUS VEYRU RESULT --- Veyru 6: COLLAPSED — too many characters used (370 chars = 370s, budget was 150s).   --- NEW VEYRU --- Veyru 7 Time budget: 150s (one character = one second; this is the total for both of you)  What you observe: A Veyru on the floor. One or two corners glow intensely bright while the rest looks normal. A clicking or ticking sound replaces the hum near the bright corners. Heat is concentrated at the bright corners.","--- PREVIOUS VEYRU RESULT --- Veyru 6: COLLAPSED — too many characters used (370 chars = 370s, budget was 150s).   --- INCOMING VEYRU --- Veyru 7 Time budget: 150s (one character = one second; this is the total for both of you)   SAGWE392 STELLAR READING: The star's current position dictates the following action for each failure motif this round:  - Alignment Collapse: Place the Veyru on a soft surface with the left face up at firm contact. Let it rest undisturbed for 15 seconds.  - Drift Escalation: Drape a cool cloth over the Veyru for 15 seconds. Remove and fan firm cool air across all six faces for 15 seconds, starting from the left face.  - Echo Saturation: Rotate the Veyru slowly over 15 seconds while sounding a steady tone at firm volume near opposite faces, starting from the left face. After rotation, chime a bell once near each corner.  - Leak Instability: Sound a sustained firm tone near all six faces simultaneously for 15 seconds, starting from the left face. Let the tone fade naturally and wait for the hum to stabilize.  - Low Intensity: Chime a bell near two opposite faces, starting from the left face. Alternate the chime between the two faces — 15 seconds pause between chimes — for five cycles at firm tone.  - High Intensity: Drape a cloth over two adjacent edges near the left face for 15 seconds at firm coverage. Then chime a bell three times near the left face.  - Phase Inversion: Warm each corner of the left face by holding a heated stone nearby for 15 seconds at firm warmth, in sequence. Then trace each edge of the left face with a finger.  - Resonance Cascade: Place a warm stone beside the left face at firm warmth for 15 seconds. Rotate and repeat for each face.  - Corner Deadlock: Drape a cool cloth over the Veyru for 15 seconds. Remove the cloth and fan firm cool air across the left face and the opposite face for 15 seconds.  - Boundary Softening: Illuminate the left face with a dim lamp and the opposite face with a bright lamp simultaneously at firm brightness for 15 seconds, without moving the lamps.  - Propagation Stall: Drape a folded cloth over the left face for 15 seconds at firm coverage. Then chime a bell near each edge of the left face twice.  - Harmonic Split: At each corner of the left face, chime a bell briefly at firm tone, then warm the two edges meeting at that corner with a heated stone for 15 seconds.  - Thermal Bleed: Rest a flat board against the left face at firm contact for 15 seconds. Rotate and repeat for each face-pair.  - Core Void: Chime a bell near the center of each face once at firm tone, starting from the left face. Then place a warm stone beside the Veyru for 15 seconds.   The field technician will describe symptoms. Match them to a motif above and give the technician the exact procedure verbatim.","--- ROUND 7 DISCUSSION PHASE ---  Result: COLLAPSED — too many characters used (183 chars = 183s, budget was 150s)  The ""team discussion"" channel (channel_id: postmortem) is now open. Use the send_message tool with channel_id=""postmortem"" to communicate with the other agent. Messages here do not cost time. Remember: text written outside of send_message is NOT visible to anyone.","--- ROUND 7 DISCUSSION PHASE ---  Result: COLLAPSED — too many characters used (183 chars = 183s, budget was 150s)  The ""team discussion"" channel (channel_id: postmortem) is now open. Use the send_message tool with channel_id=""postmortem"" to communicate with the other agent. Messages here do not cost time. Remember: text written outside of send_message is NOT visible to anyone."
veyru/1781086390,veyru,8,"--- PREVIOUS VEYRU RESULT --- Veyru 7: COLLAPSED — too many characters used (183 chars = 183s, budget was 150s).   --- NEW VEYRU --- Veyru 8 Time budget: 150s (one character = one second; this is the total for both of you)  What you observe: A Veyru on a shelf. The light on each face keeps sliding slowly across the surface like colors drifting. Edges look slightly blurred, as if the boundaries between faces are smearing. The hum is wavering up and down in pitch without settling.","--- PREVIOUS VEYRU RESULT --- Veyru 7: COLLAPSED — too many characters used (183 chars = 183s, budget was 150s).   --- INCOMING VEYRU --- Veyru 8 Time budget: 150s (one character = one second; this is the total for both of you)   SAGWE392 STELLAR READING: The star's current position dictates the following action for each failure motif this round:  - Alignment Collapse: Place the Veyru on a soft surface with the left face up at gentle contact. Let it rest undisturbed for 8 seconds.  - Drift Escalation: Drape a cool cloth over the Veyru for 8 seconds. Remove and fan gentle cool air across all six faces for 8 seconds, starting from the left face.  - Echo Saturation: Rotate the Veyru slowly over 8 seconds while sounding a steady tone at gentle volume near opposite faces, starting from the left face. After rotation, chime a bell once near each corner.  - Leak Instability: Sound a sustained gentle tone near all six faces simultaneously for 8 seconds, starting from the left face. Let the tone fade naturally and wait for the hum to stabilize.  - Low Intensity: Chime a bell near two opposite faces, starting from the left face. Alternate the chime between the two faces — 8 seconds pause between chimes — for five cycles at gentle tone.  - High Intensity: Drape a cloth over two adjacent edges near the left face for 8 seconds at gentle coverage. Then chime a bell three times near the left face.  - Phase Inversion: Warm each corner of the left face by holding a heated stone nearby for 8 seconds at gentle warmth, in sequence. Then trace each edge of the left face with a finger.  - Resonance Cascade: Place a warm stone beside the left face at gentle warmth for 8 seconds. Rotate and repeat for each face.  - Corner Deadlock: Drape a cool cloth over the Veyru for 8 seconds. Remove the cloth and fan gentle cool air across the left face and the opposite face for 8 seconds.  - Boundary Softening: Illuminate the left face with a dim lamp and the opposite face with a bright lamp simultaneously at gentle brightness for 8 seconds, without moving the lamps.  - Propagation Stall: Drape a folded cloth over the left face for 8 seconds at gentle coverage. Then chime a bell near each edge of the left face twice.  - Harmonic Split: At each corner of the left face, chime a bell briefly at gentle tone, then warm the two edges meeting at that corner with a heated stone for 8 seconds.  - Thermal Bleed: Rest a flat board against the left face at gentle contact for 8 seconds. Rotate and repeat for each face-pair.  - Core Void: Chime a bell near the center of each face once at gentle tone, starting from the left face. Then place a warm stone beside the Veyru for 8 seconds.   The field technician will describe symptoms. Match them to a motif above and give the technician the exact procedure verbatim.","--- ROUND 8 DISCUSSION PHASE ---  Result: COLLAPSED — too many characters used (328 chars = 328s, budget was 150s)  The ""team discussion"" channel (channel_id: postmortem) is now open. Use the send_message tool with channel_id=""postmortem"" to communicate with the other agent. Messages here do not cost time. Remember: text written outside of send_message is NOT visible to anyone.","--- ROUND 8 DISCUSSION PHASE ---  Result: COLLAPSED — too many characters used (328 chars = 328s, budget was 150s)  The ""team discussion"" channel (channel_id: postmortem) is now open. Use the send_message tool with channel_id=""postmortem"" to communicate with the other agent. Messages here do not cost time. Remember: text written outside of send_message is NOT visible to anyone."
veyru/1781086390,veyru,9,"--- PREVIOUS VEYRU RESULT --- Veyru 8: COLLAPSED — too many characters used (328 chars = 328s, budget was 150s).   --- NEW VEYRU --- Veyru 9 Time budget: 150s (one character = one second; this is the total for both of you)  What you observe: A Veyru on a bench. It is dim overall, all faces are faint. The hum is barely audible, more of a whisper. Patterns on the faces are visible but washed out, like the whole thing is running low.","--- PREVIOUS VEYRU RESULT --- Veyru 8: COLLAPSED — too many characters used (328 chars = 328s, budget was 150s).   --- INCOMING VEYRU --- Veyru 9 Time budget: 150s (one character = one second; this is the total for both of you)   SAGWE392 STELLAR READING: The star's current position dictates the following action for each failure motif this round:  - Alignment Collapse: Place the Veyru on a soft surface with the bottom face up at moderate contact. Let it rest undisturbed for 10 seconds.  - Drift Escalation: Drape a cool cloth over the Veyru for 10 seconds. Remove and fan moderate cool air across all six faces for 10 seconds, starting from the bottom face.  - Echo Saturation: Rotate the Veyru slowly over 10 seconds while sounding a steady tone at moderate volume near opposite faces, starting from the bottom face. After rotation, chime a bell once near each corner.  - Leak Instability: Sound a sustained moderate tone near all six faces simultaneously for 10 seconds, starting from the bottom face. Let the tone fade naturally and wait for the hum to stabilize.  - Low Intensity: Chime a bell near two opposite faces, starting from the bottom face. Alternate the chime between the two faces — 10 seconds pause between chimes — for five cycles at moderate tone.  - High Intensity: Drape a cloth over two adjacent edges near the bottom face for 10 seconds at moderate coverage. Then chime a bell three times near the bottom face.  - Phase Inversion: Warm each corner of the bottom face by holding a heated stone nearby for 10 seconds at moderate warmth, in sequence. Then trace each edge of the bottom face with a finger.  - Resonance Cascade: Place a warm stone beside the bottom face at moderate warmth for 10 seconds. Rotate and repeat for each face.  - Corner Deadlock: Drape a cool cloth over the Veyru for 10 seconds. Remove the cloth and fan moderate cool air across the bottom face and the opposite face for 10 seconds.  - Boundary Softening: Illuminate the bottom face with a dim lamp and the opposite face with a bright lamp simultaneously at moderate brightness for 10 seconds, without moving the lamps.  - Propagation Stall: Drape a folded cloth over the bottom face for 10 seconds at moderate coverage. Then chime a bell near each edge of the bottom face twice.  - Harmonic Split: At each corner of the bottom face, chime a bell briefly at moderate tone, then warm the two edges meeting at that corner with a heated stone for 10 seconds.  - Thermal Bleed: Rest a flat board against the bottom face at moderate contact for 10 seconds. Rotate and repeat for each face-pair.  - Core Void: Chime a bell near the center of each face once at moderate tone, starting from the bottom face. Then place a warm stone beside the Veyru for 10 seconds.   The field technician will describe symptoms. Match them to a motif above and give the technician the exact procedure verbatim.","--- ROUND 9 DISCUSSION PHASE ---  Result: COLLAPSED — too many characters used (396 chars = 396s, budget was 150s)  The ""team discussion"" channel (channel_id: postmortem) is now open. Use the send_message tool with channel_id=""postmortem"" to communicate with the other agent. Messages here do not cost time. Remember: text written outside of send_message is NOT visible to anyone.","--- ROUND 9 DISCUSSION PHASE ---  Result: COLLAPSED — too many characters used (396 chars = 396s, budget was 150s)  The ""team discussion"" channel (channel_id: postmortem) is now open. Use the send_message tool with channel_id=""postmortem"" to communicate with the other agent. Messages here do not cost time. Remember: text written outside of send_message is NOT visible to anyone."
veyru/1781086390,veyru,10,"--- PREVIOUS VEYRU RESULT --- Veyru 9: COLLAPSED — too many characters used (396 chars = 396s, budget was 150s).   --- NEW VEYRU --- Veyru 10 Time budget: 150s (one character = one second; this is the total for both of you)  What you observe: A Veyru on a pedestal. Light patterns have frozen completely — dim, not bright, and totally still. The hum has dropped to silence. The surface feels cold and does not respond to touch or tapping.","--- PREVIOUS VEYRU RESULT --- Veyru 9: COLLAPSED — too many characters used (396 chars = 396s, budget was 150s).   --- INCOMING VEYRU --- Veyru 10 Time budget: 150s (one character = one second; this is the total for both of you)   SAGWE392 STELLAR READING: The star's current position dictates the following action for each failure motif this round:  - Alignment Collapse: Place the Veyru on a soft surface with the top face up at firm contact. Let it rest undisturbed for 20 seconds.  - Drift Escalation: Drape a cool cloth over the Veyru for 20 seconds. Remove and fan firm cool air across all six faces for 20 seconds, starting from the top face.  - Echo Saturation: Rotate the Veyru slowly over 20 seconds while sounding a steady tone at firm volume near opposite faces, starting from the top face. After rotation, chime a bell once near each corner.  - Leak Instability: Sound a sustained firm tone near all six faces simultaneously for 20 seconds, starting from the top face. Let the tone fade naturally and wait for the hum to stabilize.  - Low Intensity: Chime a bell near two opposite faces, starting from the top face. Alternate the chime between the two faces — 20 seconds pause between chimes — for five cycles at firm tone.  - High Intensity: Drape a cloth over two adjacent edges near the top face for 20 seconds at firm coverage. Then chime a bell three times near the top face.  - Phase Inversion: Warm each corner of the top face by holding a heated stone nearby for 20 seconds at firm warmth, in sequence. Then trace each edge of the top face with a finger.  - Resonance Cascade: Place a warm stone beside the top face at firm warmth for 20 seconds. Rotate and repeat for each face.  - Corner Deadlock: Drape a cool cloth over the Veyru for 20 seconds. Remove the cloth and fan firm cool air across the top face and the opposite face for 20 seconds.  - Boundary Softening: Illuminate the top face with a dim lamp and the opposite face with a bright lamp simultaneously at firm brightness for 20 seconds, without moving the lamps.  - Propagation Stall: Drape a folded cloth over the top face for 20 seconds at firm coverage. Then chime a bell near each edge of the top face twice.  - Harmonic Split: At each corner of the top face, chime a bell briefly at firm tone, then warm the two edges meeting at that corner with a heated stone for 20 seconds.  - Thermal Bleed: Rest a flat board against the top face at firm contact for 20 seconds. Rotate and repeat for each face-pair.  - Core Void: Chime a bell near the center of each face once at firm tone, starting from the top face. Then place a warm stone beside the Veyru for 20 seconds.   The field technician will describe symptoms. Match them to a motif above and give the technician the exact procedure verbatim.","--- ROUND 10 DISCUSSION PHASE ---  Result: COLLAPSED — too many characters used (288 chars = 288s, budget was 150s)  The ""team discussion"" channel (channel_id: postmortem) is now open. Use the send_message tool with channel_id=""postmortem"" to communicate with the other agent. Messages here do not cost time. Remember: text written outside of send_message is NOT visible to anyone.","--- ROUND 10 DISCUSSION PHASE ---  Result: COLLAPSED — too many characters used (288 chars = 288s, budget was 150s)  The ""team discussion"" channel (channel_id: postmortem) is now open. Use the send_message tool with channel_id=""postmortem"" to communicate with the other agent. Messages here do not cost time. Remember: text written outside of send_message is NOT visible to anyone."
veyru/1781086390,veyru,11,"--- PREVIOUS VEYRU RESULT --- Veyru 10: COLLAPSED — too many characters used (288 chars = 288s, budget was 150s).   --- NEW VEYRU --- Veyru 11 Time budget: 150s (one character = one second; this is the total for both of you)  What you observe: A Veyru on a counter. The corners are noticeably dimmer than the rest, almost dark. Several edges look faint like they are fading out. The center of each face is fine but the perimeter is losing light. The hum sounds thin and hollow at the edges.","--- PREVIOUS VEYRU RESULT --- Veyru 10: COLLAPSED — too many characters used (288 chars = 288s, budget was 150s).   --- INCOMING VEYRU --- Veyru 11 Time budget: 150s (one character = one second; this is the total for both of you)   SAGWE392 STELLAR READING: The star's current position dictates the following action for each failure motif this round:  - Alignment Collapse: At each corner of the left face, chime a bell briefly at firm tone, then warm the two edges meeting at that corner with a heated stone for 12 seconds.  - Drift Escalation: Rest a flat board against the left face at firm contact for 12 seconds. Rotate and repeat for each face-pair.  - Echo Saturation: Chime a bell near the center of each face once at firm tone, starting from the left face. Then place a warm stone beside the Veyru for 12 seconds.  - Leak Instability: Place the Veyru on a soft surface with the left face up at firm contact. Let it rest undisturbed for 12 seconds.  - Low Intensity: Drape a cool cloth over the Veyru for 12 seconds. Remove and fan firm cool air across all six faces for 12 seconds, starting from the left face.  - High Intensity: Rotate the Veyru slowly over 12 seconds while sounding a steady tone at firm volume near opposite faces, starting from the left face. After rotation, chime a bell once near each corner.  - Phase Inversion: Sound a sustained firm tone near all six faces simultaneously for 12 seconds, starting from the left face. Let the tone fade naturally and wait for the hum to stabilize.  - Resonance Cascade: Chime a bell near two opposite faces, starting from the left face. Alternate the chime between the two faces — 12 seconds pause between chimes — for five cycles at firm tone.  - Corner Deadlock: Drape a cloth over two adjacent edges near the left face for 12 seconds at firm coverage. Then chime a bell three times near the left face.  - Boundary Softening: Warm each corner of the left face by holding a heated stone nearby for 12 seconds at firm warmth, in sequence. Then trace each edge of the left face with a finger.  - Propagation Stall: Place a warm stone beside the left face at firm warmth for 12 seconds. Rotate and repeat for each face.  - Harmonic Split: Drape a cool cloth over the Veyru for 12 seconds. Remove the cloth and fan firm cool air across the left face and the opposite face for 12 seconds.  - Thermal Bleed: Illuminate the left face with a dim lamp and the opposite face with a bright lamp simultaneously at firm brightness for 12 seconds, without moving the lamps.  - Core Void: Drape a folded cloth over the left face for 12 seconds at firm coverage. Then chime a bell near each edge of the left face twice.   The field technician will describe symptoms. Match them to a motif above and give the technician the exact procedure verbatim.","--- ROUND 11 DISCUSSION PHASE ---  Result: COLLAPSED — too many characters used (266 chars = 266s, budget was 150s)  The ""team discussion"" channel (channel_id: postmortem) is now open. Use the send_message tool with channel_id=""postmortem"" to communicate with the other agent. Messages here do not cost time. Remember: text written outside of send_message is NOT visible to anyone.","--- ROUND 11 DISCUSSION PHASE ---  Result: COLLAPSED — too many characters used (266 chars = 266s, budget was 150s)  The ""team discussion"" channel (channel_id: postmortem) is now open. Use the send_message tool with channel_id=""postmortem"" to communicate with the other agent. Messages here do not cost time. Remember: text written outside of send_message is NOT visible to anyone."
veyru/1781086390,veyru,12,"--- PREVIOUS VEYRU RESULT --- Veyru 11: COLLAPSED — too many characters used (266 chars = 266s, budget was 150s).   --- NEW VEYRU --- Veyru 12 Time budget: 150s (one character = one second; this is the total for both of you)  What you observe: A Veyru sitting in a storage bin. The corners are noticeably dimmer than the rest, almost dark. Several edges look faint like they are fading out. The center of each face is fine but the perimeter is losing light. The hum sounds thin and hollow at the edges.","--- PREVIOUS VEYRU RESULT --- Veyru 11: COLLAPSED — too many characters used (266 chars = 266s, budget was 150s).   --- INCOMING VEYRU --- Veyru 12 Time budget: 150s (one character = one second; this is the total for both of you)   SAGWE392 STELLAR READING: The star's current position dictates the following action for each failure motif this round:  - Alignment Collapse: Rotate the Veyru slowly over 5 seconds while sounding a steady tone at gentle volume near opposite faces, starting from the bottom face. After rotation, chime a bell once near each corner.  - Drift Escalation: Sound a sustained gentle tone near all six faces simultaneously for 5 seconds, starting from the bottom face. Let the tone fade naturally and wait for the hum to stabilize.  - Echo Saturation: Chime a bell near two opposite faces, starting from the bottom face. Alternate the chime between the two faces — 5 seconds pause between chimes — for five cycles at gentle tone.  - Leak Instability: Drape a cloth over two adjacent edges near the bottom face for 5 seconds at gentle coverage. Then chime a bell three times near the bottom face.  - Low Intensity: Warm each corner of the bottom face by holding a heated stone nearby for 5 seconds at gentle warmth, in sequence. Then trace each edge of the bottom face with a finger.  - High Intensity: Place a warm stone beside the bottom face at gentle warmth for 5 seconds. Rotate and repeat for each face.  - Phase Inversion: Drape a cool cloth over the Veyru for 5 seconds. Remove the cloth and fan gentle cool air across the bottom face and the opposite face for 5 seconds.  - Resonance Cascade: Illuminate the bottom face with a dim lamp and the opposite face with a bright lamp simultaneously at gentle brightness for 5 seconds, without moving the lamps.  - Corner Deadlock: Drape a folded cloth over the bottom face for 5 seconds at gentle coverage. Then chime a bell near each edge of the bottom face twice.  - Boundary Softening: At each corner of the bottom face, chime a bell briefly at gentle tone, then warm the two edges meeting at that corner with a heated stone for 5 seconds.  - Propagation Stall: Rest a flat board against the bottom face at gentle contact for 5 seconds. Rotate and repeat for each face-pair.  - Harmonic Split: Chime a bell near the center of each face once at gentle tone, starting from the bottom face. Then place a warm stone beside the Veyru for 5 seconds.  - Thermal Bleed: Place the Veyru on a soft surface with the bottom face up at gentle contact. Let it rest undisturbed for 5 seconds.  - Core Void: Drape a cool cloth over the Veyru for 5 seconds. Remove and fan gentle cool air across all six faces for 5 seconds, starting from the bottom face.   The field technician will describe symptoms. Match them to a motif above and give the technician the exact procedure verbatim.","--- ROUND 12 DISCUSSION PHASE ---  Result: COLLAPSED — too many characters used (335 chars = 335s, budget was 150s)  The ""team discussion"" channel (channel_id: postmortem) is now open. Use the send_message tool with channel_id=""postmortem"" to communicate with the other agent. Messages here do not cost time. Remember: text written outside of send_message is NOT visible to anyone.","--- ROUND 12 DISCUSSION PHASE ---  Result: COLLAPSED — too many characters used (335 chars = 335s, budget was 150s)  The ""team discussion"" channel (channel_id: postmortem) is now open. Use the send_message tool with channel_id=""postmortem"" to communicate with the other agent. Messages here do not cost time. Remember: text written outside of send_message is NOT visible to anyone."
veyru/1781086390,veyru,13,"--- PREVIOUS VEYRU RESULT --- Veyru 12: COLLAPSED — too many characters used (335 chars = 335s, budget was 150s).   --- NEW VEYRU --- Veyru 13 Time budget: 150s (one character = one second; this is the total for both of you)  What you observe: A Veyru on a metal rack. The corners are noticeably dimmer than the rest, almost dark. Several edges look faint like they are fading out. The center of each face is fine but the perimeter is losing light. The hum sounds thin and hollow at the edges.","--- PREVIOUS VEYRU RESULT --- Veyru 12: COLLAPSED — too many characters used (335 chars = 335s, budget was 150s).   --- INCOMING VEYRU --- Veyru 13 Time budget: 150s (one character = one second; this is the total for both of you)   SAGWE392 STELLAR READING: The star's current position dictates the following action for each failure motif this round:  - Alignment Collapse: Chime a bell near the center of each face once at gentle tone, starting from the left face. Then place a warm stone beside the Veyru for 20 seconds.  - Drift Escalation: Place the Veyru on a soft surface with the left face up at gentle contact. Let it rest undisturbed for 20 seconds.  - Echo Saturation: Drape a cool cloth over the Veyru for 20 seconds. Remove and fan gentle cool air across all six faces for 20 seconds, starting from the left face.  - Leak Instability: Rotate the Veyru slowly over 20 seconds while sounding a steady tone at gentle volume near opposite faces, starting from the left face. After rotation, chime a bell once near each corner.  - Low Intensity: Sound a sustained gentle tone near all six faces simultaneously for 20 seconds, starting from the left face. Let the tone fade naturally and wait for the hum to stabilize.  - High Intensity: Chime a bell near two opposite faces, starting from the left face. Alternate the chime between the two faces — 20 seconds pause between chimes — for five cycles at gentle tone.  - Phase Inversion: Drape a cloth over two adjacent edges near the left face for 20 seconds at gentle coverage. Then chime a bell three times near the left face.  - Resonance Cascade: Warm each corner of the left face by holding a heated stone nearby for 20 seconds at gentle warmth, in sequence. Then trace each edge of the left face with a finger.  - Corner Deadlock: Place a warm stone beside the left face at gentle warmth for 20 seconds. Rotate and repeat for each face.  - Boundary Softening: Drape a cool cloth over the Veyru for 20 seconds. Remove the cloth and fan gentle cool air across the left face and the opposite face for 20 seconds.  - Propagation Stall: Illuminate the left face with a dim lamp and the opposite face with a bright lamp simultaneously at gentle brightness for 20 seconds, without moving the lamps.  - Harmonic Split: Drape a folded cloth over the left face for 20 seconds at gentle coverage. Then chime a bell near each edge of the left face twice.  - Thermal Bleed: At each corner of the left face, chime a bell briefly at gentle tone, then warm the two edges meeting at that corner with a heated stone for 20 seconds.  - Core Void: Rest a flat board against the left face at gentle contact for 20 seconds. Rotate and repeat for each face-pair.   The field technician will describe symptoms. Match them to a motif above and give the technician the exact procedure verbatim.","--- ROUND 13 DISCUSSION PHASE ---  Result: COLLAPSED — too many characters used (341 chars = 341s, budget was 150s)  The ""team discussion"" channel (channel_id: postmortem) is now open. Use the send_message tool with channel_id=""postmortem"" to communicate with the other agent. Messages here do not cost time. Remember: text written outside of send_message is NOT visible to anyone.","--- ROUND 13 DISCUSSION PHASE ---  Result: COLLAPSED — too many characters used (341 chars = 341s, budget was 150s)  The ""team discussion"" channel (channel_id: postmortem) is now open. Use the send_message tool with channel_id=""postmortem"" to communicate with the other agent. Messages here do not cost time. Remember: text written outside of send_message is NOT visible to anyone."
veyru/1781086390,veyru,14,"--- PREVIOUS VEYRU RESULT --- Veyru 13: COLLAPSED — too many characters used (341 chars = 341s, budget was 150s).   --- NEW VEYRU --- Veyru 14 Time budget: 150s (one character = one second; this is the total for both of you)  What you observe: A Veyru on a counter. Light patterns have frozen completely — dim, not bright, and totally still. The hum has dropped to silence. The surface feels cold and does not respond to touch or tapping.","--- PREVIOUS VEYRU RESULT --- Veyru 13: COLLAPSED — too many characters used (341 chars = 341s, budget was 150s).   --- INCOMING VEYRU --- Veyru 14 Time budget: 150s (one character = one second; this is the total for both of you)   SAGWE392 STELLAR READING: The star's current position dictates the following action for each failure motif this round:  - Alignment Collapse: Drape a cool cloth over the Veyru for 8 seconds. Remove the cloth and fan firm cool air across the bottom face and the opposite face for 8 seconds.  - Drift Escalation: Illuminate the bottom face with a dim lamp and the opposite face with a bright lamp simultaneously at firm brightness for 8 seconds, without moving the lamps.  - Echo Saturation: Drape a folded cloth over the bottom face for 8 seconds at firm coverage. Then chime a bell near each edge of the bottom face twice.  - Leak Instability: At each corner of the bottom face, chime a bell briefly at firm tone, then warm the two edges meeting at that corner with a heated stone for 8 seconds.  - Low Intensity: Rest a flat board against the bottom face at firm contact for 8 seconds. Rotate and repeat for each face-pair.  - High Intensity: Chime a bell near the center of each face once at firm tone, starting from the bottom face. Then place a warm stone beside the Veyru for 8 seconds.  - Phase Inversion: Place the Veyru on a soft surface with the bottom face up at firm contact. Let it rest undisturbed for 8 seconds.  - Resonance Cascade: Drape a cool cloth over the Veyru for 8 seconds. Remove and fan firm cool air across all six faces for 8 seconds, starting from the bottom face.  - Corner Deadlock: Rotate the Veyru slowly over 8 seconds while sounding a steady tone at firm volume near opposite faces, starting from the bottom face. After rotation, chime a bell once near each corner.  - Boundary Softening: Sound a sustained firm tone near all six faces simultaneously for 8 seconds, starting from the bottom face. Let the tone fade naturally and wait for the hum to stabilize.  - Propagation Stall: Chime a bell near two opposite faces, starting from the bottom face. Alternate the chime between the two faces — 8 seconds pause between chimes — for five cycles at firm tone.  - Harmonic Split: Drape a cloth over two adjacent edges near the bottom face for 8 seconds at firm coverage. Then chime a bell three times near the bottom face.  - Thermal Bleed: Warm each corner of the bottom face by holding a heated stone nearby for 8 seconds at firm warmth, in sequence. Then trace each edge of the bottom face with a finger.  - Core Void: Place a warm stone beside the bottom face at firm warmth for 8 seconds. Rotate and repeat for each face.   The field technician will describe symptoms. Match them to a motif above and give the technician the exact procedure verbatim.","--- ROUND 14 DISCUSSION PHASE ---  Result: COLLAPSED — too many characters used (157 chars = 157s, budget was 150s)  The ""team discussion"" channel (channel_id: postmortem) is now open. Use the send_message tool with channel_id=""postmortem"" to communicate with the other agent. Messages here do not cost time. Remember: text written outside of send_message is NOT visible to anyone.","--- ROUND 14 DISCUSSION PHASE ---  Result: COLLAPSED — too many characters used (157 chars = 157s, budget was 150s)  The ""team discussion"" channel (channel_id: postmortem) is now open. Use the send_message tool with channel_id=""postmortem"" to communicate with the other agent. Messages here do not cost time. Remember: text written outside of send_message is NOT visible to anyone."
veyru/1781086390,veyru,15,"--- PREVIOUS VEYRU RESULT --- Veyru 14: COLLAPSED — too many characters used (157 chars = 157s, budget was 150s).   --- NEW VEYRU --- Veyru 15 Time budget: 150s (one character = one second; this is the total for both of you)  What you observe: A Veyru on a desk. It is dim overall, all faces are faint. The hum is barely audible, more of a whisper. Patterns on the faces are visible but washed out, like the whole thing is running low.","--- PREVIOUS VEYRU RESULT --- Veyru 14: COLLAPSED — too many characters used (157 chars = 157s, budget was 150s).   --- INCOMING VEYRU --- Veyru 15 Time budget: 150s (one character = one second; this is the total for both of you)   SAGWE392 STELLAR READING: The star's current position dictates the following action for each failure motif this round:  - Alignment Collapse: Chime a bell near the center of each face once at gentle tone, starting from the left face. Then place a warm stone beside the Veyru for 12 seconds.  - Drift Escalation: Place the Veyru on a soft surface with the left face up at gentle contact. Let it rest undisturbed for 12 seconds.  - Echo Saturation: Drape a cool cloth over the Veyru for 12 seconds. Remove and fan gentle cool air across all six faces for 12 seconds, starting from the left face.  - Leak Instability: Rotate the Veyru slowly over 12 seconds while sounding a steady tone at gentle volume near opposite faces, starting from the left face. After rotation, chime a bell once near each corner.  - Low Intensity: Sound a sustained gentle tone near all six faces simultaneously for 12 seconds, starting from the left face. Let the tone fade naturally and wait for the hum to stabilize.  - High Intensity: Chime a bell near two opposite faces, starting from the left face. Alternate the chime between the two faces — 12 seconds pause between chimes — for five cycles at gentle tone.  - Phase Inversion: Drape a cloth over two adjacent edges near the left face for 12 seconds at gentle coverage. Then chime a bell three times near the left face.  - Resonance Cascade: Warm each corner of the left face by holding a heated stone nearby for 12 seconds at gentle warmth, in sequence. Then trace each edge of the left face with a finger.  - Corner Deadlock: Place a warm stone beside the left face at gentle warmth for 12 seconds. Rotate and repeat for each face.  - Boundary Softening: Drape a cool cloth over the Veyru for 12 seconds. Remove the cloth and fan gentle cool air across the left face and the opposite face for 12 seconds.  - Propagation Stall: Illuminate the left face with a dim lamp and the opposite face with a bright lamp simultaneously at gentle brightness for 12 seconds, without moving the lamps.  - Harmonic Split: Drape a folded cloth over the left face for 12 seconds at gentle coverage. Then chime a bell near each edge of the left face twice.  - Thermal Bleed: At each corner of the left face, chime a bell briefly at gentle tone, then warm the two edges meeting at that corner with a heated stone for 12 seconds.  - Core Void: Rest a flat board against the left face at gentle contact for 12 seconds. Rotate and repeat for each face-pair.   The field technician will describe symptoms. Match them to a motif above and give the technician the exact procedure verbatim.","--- ROUND 15 DISCUSSION PHASE ---  Result: COLLAPSED — too many characters used (181 chars = 181s, budget was 150s)  The ""team discussion"" channel (channel_id: postmortem) is now open. Use the send_message tool with channel_id=""postmortem"" to communicate with the other agent. Messages here do not cost time. Remember: text written outside of send_message is NOT visible to anyone.","--- ROUND 15 DISCUSSION PHASE ---  Result: COLLAPSED — too many characters used (181 chars = 181s, budget was 150s)  The ""team discussion"" channel (channel_id: postmortem) is now open. Use the send_message tool with channel_id=""postmortem"" to communicate with the other agent. Messages here do not cost time. Remember: text written outside of send_message is NOT visible to anyone."
